id,date,tweet,retweet_count,like_count
1350892053291536385,2021-01-17 19:45:38+00:00,"W poniedziaÅ‚ek w Luxmad pan NAUCZYCIEL prÃ³bowaÅ‚ wymusiÄ‡ zapisanie siÄ™ na szczepienie COVID poza kolejnoÅ›ciÄ… 
majÄ…c maskÄ™ zsuniÄ™tÄ… i odkryty nos !
Podobno jest to wyksztaÅ‚cona elita a jaki zÅ‚y przykÅ‚ad dajÄ… dzieciom. Lepiej pomogÅ‚aby mu prawidÅ‚owo zaÅ‚oÅ¼ona maska niÅ¼ to szczepienie",0,0
1350818541210054663,2021-01-17 14:53:31+00:00,"Dlaczego osoby posiadajÄ…ce zaÅ›wiad. o wykonaniu szczepienia przeciwko covid zwolnione sÄ… z obowiÄ…zkowej kwarantanny przy wjeÅºdzie do Polski?
PrzecieÅ¼ to szczepienie nie chroni przed zaraÅ¼aniem innych a tylko Å‚agodzi skutki choroby. PrzecieÅ¼ to jest jakiÅ› nielogiczny kretynizm!",0,0
1350808055752105985,2021-01-17 14:11:51+00:00,WÅ‚aÅ›nie zarejestrowaÅ‚em swojÄ… Babcinke na szczepienie przeciw Covid 19. MuszÄ™ pochwaliÄ‡ za szybkÄ… i elokwentna obsÅ‚ugÄ™ pod numerem 989. Jadzia zaszczepiona bÄ™dzie 17 lutego;),0,3
1350709566279974912,2021-01-17 07:40:30+00:00,"Powoli dobiega koÅ„ca moja kolejna ankieta na temat poglÄ…dÃ³w i preferencji wyborczych pewnej specyficznej grupy PolakÃ³w. ByÅ‚y pytania o poparcie dla partii polit. o szczepienie na Covid, karÄ™ Å›mierci, aborcjÄ™, UE i inne waÅ¼ne sprawy. Niebawem opracowanie i wyniki ğŸ™‚",0,1
1350677505070555136,2021-01-17 05:33:06+00:00,"jedynym powodem dla ktÃ³rego mogÄ™ wstaÄ‡ w niedzielÄ™ o 6:30 jest to, Å¼e mam szczepienie na covid ğŸ‘ŒğŸ»",0,0
1350495645002571777,2021-01-16 17:30:27+00:00,"Boziu, moja wspÃ³Å‚lokatorka miaÅ‚a wczoraj szczepienie na COVID w pracy i tak siÄ™ Åºle czuje, mÃ³wi, Å¼e wczoraj poszÅ‚a do Å‚azienki, leÅ¼aÅ‚a na podÅ‚odze i pÅ‚akaÅ‚a, bo myÅ›laÅ‚a, Å¼e umrze... 3/4 osÃ³b zaszczepionych zadzwoniÅ‚o, Å¼e nie sÄ… w stanie przyjÅ›Ä‡ do pracy, bo czujÄ… siÄ™ jak trupy",0,1
1350493681564999681,2021-01-16 17:22:39+00:00,"Wczoraj w jednej z duÅ¼ych przychodni prywatnej sieci, pani w rejestracji gloÅ›no zapytaÅ‚a ""Kto z paÅ„stwa na szczepienie na covid?"" Nie jestem w temacie. To moÅ¼na siÄ™ zaszczepiÄ‡ ot tak, kupujÄ…c szczepionkÄ™ w prywatnej przychodni? Poza grupÄ… 0, 1, 2 czy 50?",0,1
1350441275363885056,2021-01-16 13:54:24+00:00,WejÅ›cie na K2 Å‚atwiejsze od wejÅ›cia na szczepienie na Covid-19,3,15
1350438591542026243,2021-01-16 13:43:44+00:00,"Razem z mÄ™Å¼em dokonaliÅ›my dzisiaj apostazji. WrÃ³ciliÅ›my do domu i zapisaliÅ›my siÄ™ na szczepienie na covid. To siÄ™ nazywa dobrze spÄ™dziÄ‡ dzieÅ„ :)
#COVID19 #szczepienie #apostazja",0,0
1350423614529613824,2021-01-16 12:44:14+00:00,"WaÅ›nie udaÅ‚o nam siÄ™ zapisaÄ‡ dziadka (82l) na szczepienie przeciwko Covid. DzwoniliÅ›my od wczoraj. 
Termin 2 marca. Drugi koniec miasta. 

sukces kurwa âœŒğŸ»",0,8
1350420757340446723,2021-01-16 12:32:52+00:00,ej zarejestrowaliscie siÄ™ na szczepienie przeciwko covid?? bo ja siÄ™ waham i idk jak z wami,0,1
1350407029416988672,2021-01-16 11:38:19+00:00,"Aby zarejestrowaÄ‡ przez internet moja 89 letnia babciÄ™ na szczepienie przeciwko Covid, muszÄ™ zaÅ‚oÅ¼yÄ‡ jej profil zaufany. Spoko, wystarczy tymczasowy. MoÅ¼na go zaÅ‚oÅ¼yÄ‡ potwierdzajÄ…c zdalnie swojÄ… toÅ¼samoÅ›Ä‡ przez MS Teams. Babciu, zainstaluj sobie Teams'a ğŸ¤¦â€â™‚ï¸
#COVID19 #szczepimysie",0,1
1350388923709718528,2021-01-16 10:26:23+00:00,"Macie zamiar zapisaÄ‡ siÄ™ na szczepienie przeciwko covid-19?

Bo ja w sumie nie wiem :/",1,4
1350210119523512326,2021-01-15 22:35:52+00:00,W poniedziaÅ‚ek mam szczepienie na covid.,0,2
1350209402482155521,2021-01-15 22:33:01+00:00,iÅ›Ä‡ na te szczepienie przeciw COVID czy nie? :/,0,0
1350203451813277702,2021-01-15 22:09:23+00:00,"Kompletnie nie rozumiem zdjÄ™Ä‡ potwierdzajacych szczepienie na covid... 
Pilam pÅ‚yn Lugola po katastrofie w Czarnobylu. 
Szczepili mnie przeciw gruÅºlicy i innym chorobom zakaÅºnym. 
Czy z tego powodu mam wrzuciÄ‡ fotki na tt? ğŸ™„",2,33
1350175136427728896,2021-01-15 20:16:52+00:00,Moja mama dziÅ› zapisaÅ‚a siÄ™ na szczepienie na Covid,0,1
1350171124991225861,2021-01-15 20:00:55+00:00,WÅ‚aÅ›nie rejestrujÄ™ siÄ™ na szczepienie na covid âœŒï¸,0,4
1350171059916517377,2021-01-15 20:00:40+00:00,"ZapisaÅ‚am siÄ™ w kolejkÄ™ na szczepienie na Covid.
A Wy bÄ™dziecie siÄ™ szczepiÄ‡ czy nie?",0,2
1350164442487681030,2021-01-15 19:34:22+00:00,"TeÅ›ciowa,l.85 zapisaÅ‚a siÄ™ na szczepienie przeciw Covid.",0,0
1350164090895949828,2021-01-15 19:32:58+00:00,zapisaÅ‚am siÄ™ na szczepienie przeciw covid teraz czekaÄ‡ na to aÅ¼ siÄ™ do mnie odezwÄ… ğŸ˜·,0,17
1350145016325398532,2021-01-15 18:17:11+00:00,"WrÃ³ciÅ‚em z pracy w fabryce azbestu.
ZapisajÄ™ siÄ™ na szczepienie przeciwko Covid.
Szukam fotek o morsowaniu, Å¼eby wrzuciÄ‡ na TL.

Hejt start za 3, 2, 1...",0,3
1350143994643292162,2021-01-15 18:13:07+00:00,Czy wszyscy wyraÅ¼ajÄ… zgodÄ™ na szczepienie przecieÅ¼ covid?,0,1
1350122271155892232,2021-01-15 16:46:48+00:00,zapisalam sb na szczepienie przeciw covid mam nadzieje ze z czipem przyjda tez dane do konta billa gatesa,0,2
1350118242459725824,2021-01-15 16:30:47+00:00,"Na poczÄ…tku lutego mam drugie szczepienie przeciw COVID, ale termin mi nie pasuje. Kurde nooooo",0,14
1350108963828887560,2021-01-15 15:53:55+00:00,"Z OSTATNIEJ CHWILI:
Szczepienie przeciw #COVID-19 w powiecie Å‚omÅ¼yÅ„skim",0,0
1350100824622571521,2021-01-15 15:21:34+00:00,"Moja 80. babcia postanowiÅ‚a zgÅ‚osiÄ‡ siÄ™ na szczepienie na Covid. Nie byÅ‚a w stanie dodzwoniÄ‡ siÄ™ na infoliniÄ™. ZnalazÅ‚em numer do punktu szczepieÅ„ wskazanego przez MZ. Po godzinie siÄ™ dodzwoniÅ‚a, zarejestrowaÅ‚a i zostaÅ‚a poinformowana, Å¼e na wezwanie moÅ¼e czekaÄ‡ kilka miesiÄ™cy...",1,4
1350083531880468483,2021-01-15 14:12:51+00:00,"Szczepienia to jeden wielki CYRK. ChciaÅ‚am zarejestrowaÄ‡ MamÄ™ do szczepienia na covid. Ha, dzwoniÅ‚am (nie tylka ja) od rana. W przychodni nie ma miejsc...Na infolinii miÅ‚y pan zebraÅ‚ dane...i okazaÅ‚a siÄ™, Å¼e w Stargardzie nie ma miejsc na szczepienie...szok..szok narodowy...",0,0
1350082014427439105,2021-01-15 14:06:50+00:00,Jutro mam szczepienie przeciw Covid i zaczynam czuÄ‡ podekscytowanieğŸ˜Œ,0,7
1350055697514422275,2021-01-15 12:22:15+00:00,ZarejestrowaÅ‚am siÄ™ na szczepienie covid i bÄ™dÄ™ teraz czekaÄ‡ latami,0,2
1350049040881299458,2021-01-15 11:55:48+00:00,pogadaÅ‚am z matkÄ… i idÄ™ siÄ™ zapisaÄ‡ na szczepienie covid eyo,0,26
1350047570299641856,2021-01-15 11:49:58+00:00,ZapisaÅ‚am siÄ™ na szczepienie na covid ğŸ¥°,0,0
1350045999654457346,2021-01-15 11:43:43+00:00,"Jeee, moja babcia zarejestrowana na szczepienie na covid, termin 1 lutego! 

Super, bo od marca siedzi w domu lub ogrÃ³dku caÅ‚y czas, rodzice robiÄ… jej zakupy i woÅ¼Ä… do lekarza. WidzÄ™, juÅ¼ ciÄ™Å¼ko jej to znieÅ›Ä‡ psychicznie, bierze antydepresanty, ale niewiele to pomaga.",0,16
1350041704037052418,2021-01-15 11:26:39+00:00,zapisaÅ‚am siÄ™ na szczepienie na covid czy tam wyraziÅ‚am chÄ™Ä‡ whatever zwaÅ‚ jak zwaÅ‚,0,3
1350028968255229953,2021-01-15 10:36:03+00:00,Zarejestrowany na szczepienie przeciwko COVID 19 ğŸ’ªğŸ’ªğŸ’ªğŸ‘ŒğŸ‘ŒğŸ‘ŒğŸ˜ğŸ˜ğŸ˜ #Szczepienia #szczepiesie ğŸ‘,2,22
1350028453605761024,2021-01-15 10:34:00+00:00,"Trzy zdjÄ™cia, ktÃ³re musisz wrzuciÄ‡ w social na przestrzeni ostatnich 12 miesiÄ™cy:
- pozytywny wynik testu na covid
- potwierdzenie rejestracji na szczepienie
- morsowanie
ğŸ˜",19,508
1350025153313452032,2021-01-15 10:20:53+00:00,ZapisaÅ‚am siÄ™ na szczepienie na covid,0,0
1350024402323206145,2021-01-15 10:17:54+00:00,"WÅ‚aÅ›nie zapisaÅ‚am siÄ™ na szczepienie przeciwko covid. Mam nadzieje, Å¼e nie bÄ™dÄ™ musiaÅ‚a czekaÄ‡ na to rok.",0,0
1350022940998426625,2021-01-15 10:12:06+00:00,jak siÄ™ zarejestrowaÄ‡ na szczepienie przeciv covid,0,0
1350021816736210945,2021-01-15 10:07:37+00:00,MÃ³j dziadek ma dzisiaj szczepienie na covid,0,0
1350018710896062465,2021-01-15 09:55:17+00:00,"PoszÅ‚o
Formularz chÄ™ci udziaÅ‚u w szczepieniu przeciw COVID-19 zostaÅ‚ wysÅ‚any
Na adres e-mail wysÅ‚aliÅ›my wiadomoÅ›Ä‡ z linkiem potwierdzajÄ…cym chÄ™Ä‡ udziaÅ‚u w szczepieniu
Po wystawieniu dla Ciebie e-skierowania na szczepienie, bÄ™dziemy siÄ™ z TobÄ… kontaktowaÄ‡ na wskazany adres e-mail.",0,0
1350012481738051584,2021-01-15 09:30:32+00:00,zapisaÅ‚em siÄ™ na szczepienie przeciwko covid i jestem z siebie dumny,0,4
1350008751496044548,2021-01-15 09:15:42+00:00,ZgÅ‚osiÅ‚am siebie i mÄ™Å¼a na szczepienie przeciw covid-19. â˜ºï¸,0,23
1349998805899481088,2021-01-15 08:36:11+00:00,WypeÅ‚niÅ‚am formularz zgÅ‚oszeniowy na szczepienie przeciw #covid. Nie dostaÅ‚am maila z linkiem potwierdzajÄ…cym chÄ™Ä‡ udziaÅ‚u w szczepieniu. Co teraz? TeÅ¼ tak macie?,1,4
1349993075926589440,2021-01-15 08:13:25+00:00,"OdniosÅ‚am sukces, zarejestrowaÅ‚am mojÄ… MamÄ™ lat 85 na szczepienie przeciw Covid poprzez e-rejestracjÄ™. Ma termin na 25 stycznia, wszystko poszÅ‚o bardzo sprawnie.",0,0
1349984333969416192,2021-01-15 07:38:41+00:00,"Jej ğŸ¾! Sukces w rejestracjach 80+ w Åodzi juÅ¼ nie zapisujÄ… na szczepienie Covid-19!  Jej!
Jak zwykle bylejakoÅ›Ä‡ przygotowania do czegokolwiek...",0,2
1349984242382606336,2021-01-15 07:38:19+00:00,"chcemy zapisac moja prababcie na szczepienie na covid,polaczenie trwa juz 30min a my jestesmy 14 osoba na liniiXD",0,0
1349980430167109633,2021-01-15 07:23:10+00:00,zapisaÅ‚am siÄ™ na szczepienie na covid,0,0
1349972645555671040,2021-01-15 06:52:14+00:00,ZapisaÅ‚am siÄ™ na szczepienie ma covid. MoÅ¼e za rok bÄ™dÄ™ mieÄ‡ termin XD,0,14
1349894709762732033,2021-01-15 01:42:33+00:00,Jest godzina 02:30 usiÅ‚uje siÄ™ od 2 godz zarejestrowaÄ‡ na szczepienie przeciwko COVID -19.  @a_niedzielski  taki wybitny ekonomista powinien sobie poradziÄ‡ organizacja szczepienia @pisorgpl  Panie Naczelniku KaczyÅ„ski nie ma Pan na podmiankÄ™ klinicystÄ™  @PrzemekWajman @smdwroclaw,2,4
1349885521997262848,2021-01-15 01:06:02+00:00,"Orientuje siÄ™ ktoÅ› z Was czy skierowanie na szczepienie przeciwko COVID moÅ¼e wystawiÄ‡ kardiolog?

@szczepimysie @michaldworczyk",0,0
1349876757483163649,2021-01-15 00:31:13+00:00,Babcie na szczepienie covid zapisane. Termin wyznaczony.,0,0
1349855305371414531,2021-01-14 23:05:58+00:00,Zgloszenie na szczepienie covid juz padÅ‚o hahaha,0,0
1349855076609830914,2021-01-14 23:05:04+00:00,ja pierdole nie dziaÅ‚a formularz zgÅ‚oszeÅ„ na szczepienie na covid i nie dziaÅ‚a galeria w simsach co ja mam robiÄ‡ egh,0,1
1349844986142076928,2021-01-14 22:24:58+00:00,"Jutro szczepienie!!
Ale nie Covid-19 lecz polio!!",1,19
1349828644378697728,2021-01-14 21:20:02+00:00,"Mam jutro szczepienie, bardzo siie bojÄ™ (nie covid)",0,5
1349826913020354563,2021-01-14 21:13:09+00:00,16 lutego mam szczepienie przeciw COVID-19 ğŸ¦ ğŸ’‰,0,0
1349781651618897920,2021-01-14 18:13:18+00:00,ZapiszÄ™ siÄ™ jutro na szczepienie na Covid dla osÃ³b 80+ w 2077 r.,0,17
1349770488936083456,2021-01-14 17:28:56+00:00,jutro prawdopodobnie bÄ™dÄ™ prÃ³bowaÅ‚a zapisaÄ‡ siÄ™ na szczepienie na covid,0,2
1349759838016954369,2021-01-14 16:46:37+00:00,"OczekujÄ…cy na szczepionki COVID-19, uwaÅ¼ajcie! Nasz zespÃ³Å‚ ostrzega przed potencjalnymi atakami wykorzystujÄ…cymi fakt rozpoczÄ™cia rejestracji na szczepienie przeciwko koronawirusowi. #szczepimysie  1/4",24,27
1349678405969711104,2021-01-14 11:23:02+00:00,"Od 15 stycznia, godz. 00:01 moÅ¼na zgÅ‚osiÄ‡ chÄ™Ä‡ zaszczepienia siÄ™ przeciw #Covid_19 przez formularz online. ZgÅ‚oszenie nie jest rejestracjÄ… na szczepienie. ZarejestrowaÄ‡ siÄ™ bÄ™dzie moÅ¼na, kiedy zostanÄ… ogÅ‚oszone terminy szczepienia dla konkretnych grup i wystawione e-skierowanie.",0,2
1349673576887103488,2021-01-14 11:03:51+00:00,"Kto moÅ¼e prÃ³bowaÄ‡ zapisaÄ‡ siÄ™ na szczepienie przeciw Covid od jutra - wszyscy? Osoby 60+? 80+? Bo mam wraÅ¼enie, Å¼e komunikacja nie jest w tej sprawie super klarowna...",1,49
1349446717612154892,2021-01-13 20:02:23+00:00,"Rzecznik LSD, a moÅ¼e raczej rzecznica, podobno straciÅ‚a stanowisko po wyraÅ¼eniu opinii: Szczepienie przeciwko Covid-19 powinno byÄ‡ w zakresie szczepieÅ„ obowiÄ…zkowych. Szczepienia sÄ… od kilkuset lat skutecznÄ… metodÄ… walczenia wirusami, zarazami. 
I tak dalej.
Foliarze ;-)",0,0
1349426727127310336,2021-01-13 18:42:57+00:00,#SÅ‚owacja: Minister zdrowia zapowiada kary za szczepienie przeciw COVID-19 poza kolejnoÅ›ciÄ…. Odpowiedzialne za proces centra mogÅ‚yby zapÅ‚aciÄ‡ do 10 tys. euro grzywny. Ma to zwiÄ…zek z wczesnym zaszczepieniem tenisistki Dominiki Cibulkovej.,5,12
1349396511617134593,2021-01-13 16:42:53+00:00,"O co chodzi z zapisywaniem siÄ™ na szczepienie przeciw COVID-19 w przychodniach? Czy ma sens teraz zapisywanie siÄ™ w kolejkÄ™ do szczepienia, gdy jest siÄ™ w 3. grupie?",0,0
1349355499431616518,2021-01-13 13:59:55+00:00,W piÄ…tek za tydzieÅ„ bÄ™dÄ™ miala szczepienie na covidğŸ˜¬,1,3
1349316735321714689,2021-01-13 11:25:53+00:00,"Reklama szczepieÅ„ tak, ale z wyczuciem. Gdy ludzie majÄ… wybÃ³r: szczepienie lub Å›mierÄ‡, co wybiorÄ…? Problemem ci z wybujaÅ‚ym EGO, ktÃ³rzy wyznajÄ…  primitywne zasady etyki. Jandy nie musimy oglÄ…daÄ‡, ale rektor WUM? #Covid_19 #wieszwiÄ™cej @tvp_info @PolsatNewsPL",0,0
1349077657212899333,2021-01-12 19:35:52+00:00,#Minela20 A nauczyciele szczepienie na COVID majÄ… juÅ¼ w karcie nauczyciela???,0,1
1349008311425888260,2021-01-12 15:00:19+00:00,"Ale jaja xd jestem w 1 grupie szczepienia na covid jako opiekunka dzieciÄ™ca. 
A chciaÅ‚am uniknÄ…Ä‡ tego szczepienie chociaÅ¼ przez rok....",0,0
1348959851486060545,2021-01-12 11:47:45+00:00,"- Nie wiemy, kiedy i ile dostaniemy szczepionek. Nawet nie wiemy, kiedy siÄ™ tego ostatecznie dowiemy - mÃ³wi @JacekKrajewski1 , prezes FPZ o sytuacji przed rozpoczÄ™ciem zapisÃ³w na szczepienie przeciwko COVID-19 w â€etapie 1â€.",2,4
1348957333767004161,2021-01-12 11:37:45+00:00,"Starsza osoba z mojej rodziny natchniona telewizyjnÄ… propaganda o wielkiej akcji szczepieÅ„ zadzwoniÅ‚a do lekarza rodzinnego w celu zapisania siÄ™.
-chciaÅ‚bym siÄ™ zapisaÄ‡ na szczepienie na Covid
-a kto pani powiedziaÅ‚ ze beda szczepienia
- w TV mÃ³wili?
- to siÄ™ Pani u nich zapisze",0,0
1348947520945319936,2021-01-12 10:58:45+00:00,Ojeju pani Kasia dzis ma szczepienie na covid. Jak sie ciesze,0,1
1348917269607419906,2021-01-12 08:58:33+00:00,"W reklamie promujacej szczepienia na covid wystepuja jakies malolaty. Dajciebse na luz, wasz termin na szczepienie to okolice 2024. Do tego czasu brat i siostra moze wachac kwiatki od spodu",0,1
1348808206928252930,2021-01-12 01:45:10+00:00,o kurde nie wiedziaÅ‚am Å¼e jak studiuje na uczelni medycznej to jestem w tej pierwszej grupie na szczepienie na covid,0,0
1348755842108170240,2021-01-11 22:17:06+00:00,"Dzisiaj siÄ™ zaszczepiÅ‚em p-COVID-19-bez foto i fleszy. ChciaÅ‚em obaliÄ‡ dwa ostatnie, NIEPRAWDZIWE mity o szczepionce: 1. Szczepienie NIE jest bolesne; 2. Nie stracimy duÅ¼o czasu - bardzo dobra organizacja, bez kolejki, caÅ‚oÅ›Ä‡ 30 minut. Brawo ÅÃ³dÅº!, Brawo Szpital BiegaÅ„ski!",26,238
1348743176887136258,2021-01-11 21:26:46+00:00,"sÅ‚uchajcie jaki pech znajomi z grupy bliÅºniaczej mieli dziÅ› na oddziale NZK i robili RKO, potem mieli szczepienie a wieczorem okazaÅ‚o siÄ™ Å¼e ten pacjent byÅ‚ COVID + i sÄ… teraz z kontaktu",0,8
1348736493733490689,2021-01-11 21:00:13+00:00,Moja mama miaÅ‚a dzisiaj szczepienie na covid i mam nadziejÄ™ Å¼e nie bÄ™dzie Å¼adnych skutkÃ³w ubocznych,0,1
1348736034914369537,2021-01-11 20:58:23+00:00,"PrzeleÅ¼aÅ‚em 2 miesiÄ…ce w klinice neurochirurgii  USK na Banacha, ktÃ³ry podlega pod WUM. 
Nikt mnie nie zaprosiÅ‚ na szczepienie przeciwko COVID #wtylewizji",0,2
1348669285951012864,2021-01-11 16:33:09+00:00,"Osoby medialne zaszczepione poza kolejnoÅ›ciÄ…, powinny zgÅ‚osiÄ‡ siÄ™ do wolontariatu nad pacjentami z COVID-19. DziÄ™ki szczepieniom sÄ… PaÅ„stwo odporni a takie dziaÅ‚anie  pokaÅ¼e, Å¼e szczepienie wykonane zostaÅ‚o w dobrej wierze- @a_niedzielski",1,2
1348641490914971650,2021-01-11 14:42:42+00:00,"nie rozumiem w sumie. pracujÄ™ z covidem, dosÅ‚ownie, dziesiÄ…tki prÃ³bek przewalajÄ… mi siÄ™ codziennie przez rÄ™ce, wiÄ™kszoÅ›Ä‡ z nich covid poztywna, ale jeszcze nawet nie dostaÅ‚xm skierowania na szczepienie. z kolei moja siostra studiujÄ…ca fizjoterapiÄ™ - tak, fizjo - juÅ¼ ma dawno.",0,3
1348635677114716161,2021-01-11 14:19:36+00:00,"W takim tempie, to szybciej siÄ™ covid skoÅ„czy niÅ¼ caÅ‚a Polska bÄ™dzie zaszczepiona. Polski program szczepieÅ„? A moÅ¼e jednak, szczepienie aktorÃ³w, piosenkarzy i politykÃ³w, gÅ‚Ã³wnie PiSu. Ale Janda!! ğŸ¤¡ğŸ¤¡ğŸ¤¡",0,1
1348631054710616071,2021-01-11 14:01:14+00:00,"moja mama miaÅ‚a dzisiaj szczepienie na covid i, breaking news, âœ¨nie umarÅ‚aâœ¨",0,0
1348623597041045507,2021-01-11 13:31:36+00:00,Ile byÅ› maksymalnie zapÅ‚aciÅ‚a/ciÅ‚  za szczepienie na Covid na wolnym rynku ?,0,0
1348585464144523266,2021-01-11 11:00:04+00:00,"#WUM szczepi sobie na #COVID studentÃ³w, administracjÄ™... A lekarze #POZ zapisani na szczepienie do #WUM dalej czekajÄ….... @NFZ_Centrala @MZ_GOV_PL @PremierRP tak ma byÄ‡?!?!",0,0
1348391538317996033,2021-01-10 22:09:29+00:00,"dzisiejszy plan szczepienia potrwa 3 lata, a szczepienie na covid konieczne bÄ™dzie co roku ğŸ˜ czyli za 3 lata bÄ™dÄ… szczepiÄ‡ siÄ™ ci co pierwszy raz, co 2 raz i co 3 raz... czyli jednak bÄ™dzie trzeba czekaÄ‡ na drugie szczepienie 9 lat ğŸ˜‚",0,2
1348383753660473346,2021-01-10 21:38:33+00:00,"Covid to plaga ogÃ³lnoÅ›wiatowa.A czym jest  szczepienie ""swoich"" poza oprawem #strefastarcia",0,0
1348274270166790144,2021-01-10 14:23:30+00:00,"2043... Juz w maju przyjdzie moja kolej na szczepienie przeciwko COVID-19. Szkoda, ze w 2068 jest termin na COVID-35.",6,53
1348236834434912256,2021-01-10 11:54:45+00:00,"zakonnica powiedziaÅ‚a dzisiaj babci Å¼e szczepienie siÄ™ na covid to grzech, bo tÄ… szczepionkÄ™ siÄ™ robi z pÅ‚odÃ³w dzieci *chwila ciszy*",0,3
1348039388199059456,2021-01-09 22:50:10+00:00,Pytanie z tyÅ‚ka ale moÅ¼e ktoÅ› wie. Ile kosztuje szczepienie na covid?,0,0
1347989243998699520,2021-01-09 19:30:54+00:00,"Mam i ja, termin na szczepienie przeciw COVID-19 ğŸ˜",0,4
1347937622484783105,2021-01-09 16:05:47+00:00,"W Danii zrobienie testu #Covid_19 jest bardzo proste i ogÃ³lnie dostÄ™pne. Szczepienie idzie dobrze i % ğŸ‡©ğŸ‡° jest w czoÅ‚Ã³wce, jak nie pierwsza jeÅ›li chodzi o % juÅ¼ zaszczepionej populacji. A chÄ™Ä‡ zaszczepienia deklaruje 75% ludzi.",1,3
1347837018613669890,2021-01-09 09:26:01+00:00,"Tyle pisaliÅ›cie Å¼e NWO bÄ™dzie ludzi szczepiÄ‡ i wciskaÄ‡ nam czipy RFID a teraz gdy pod pretekstem pandemii chcÄ… zaszczepiÄ‡ ludzi to nic nie robicie, tylko dalej piszecie te gÅ‚upie komentarze i sami pÃ³jdziecie siÄ™ zaszczepiÄ‡!
#nwo #szczepienie #covid #koronawirus #korwin #polityka",0,0
1347818268212412417,2021-01-09 08:11:31+00:00,"Moja oddziaÅ‚owa zdziwiÅ‚a siÄ™ jak zapisaÅ‚am siÄ™ na szczepienie na covid. PowdziaÅ‚am, Å¼e zrobiÄ™ to jak zostanÄ™ zuszona, ale patrzÄ…c na to co siÄ™ dzieje, to dÄ…Å¼y to przymusu.",0,0
1347671323733069825,2021-01-08 22:27:36+00:00,"Wgl chÅ‚opak mojej siostry jest lekarzem. MiaÅ‚ szczepienie przeciw covid. Ja bardzo nie chce siaÄ‡ plotek i wgl, ale boli go caÅ‚a rÄ™ka, jest osowiaÅ‚y i nie umie usiedzieÄ‡ w miejscu.

Im just saying ğŸ˜³",1,12
1347665214993526785,2021-01-08 22:03:20+00:00,"Za czym kolejka ta stoi
Po Covid, po Covid, po Covid
Na co w kolejce tej czekasz
Na leka, na leka, na leka
Co dostaniesz gdy dojdziesz
Szczepienie, szczepienie, szczepienie
WszedÅ‚eÅ› na krzywy ryj, a innym
Cierpienie, cierpienie, cierpienie",0,1
1347655489002336258,2021-01-08 21:24:41+00:00,"Podobno w ogÅ‚oszeniach o pracÄ™ podajecie, Å¼e w ramach benefitÃ³w szczepienie na covid poza kolejnoÅ›ciÄ… na WUM zaÅ‚atwicie. Jak to jest z wami @tvn24 ?",0,2
1347625568775385094,2021-01-08 19:25:47+00:00,"RozmawiaÅ‚am z koleÅ¼ankÄ… z RTG. Czeka na szczepienie. RobiÅ‚a zdjÄ™cie pani po Covid. Nie tylko pÅ‚uca ze zmianami, ale teÅ¼ problemy dermatologiczne, ze stawami i z oczami. ChorowaÅ‚a w domu, ale miaÅ‚a problem nawet z dojÅ›ciem do Å‚azienki. Osoba do tej pory nie chorujÄ…ca...",12,41
1347615962867113986,2021-01-08 18:47:37+00:00,"Matula mÃ³wi, Å¼e w poniedziaÅ‚ek w pracy bÄ™dzie miaÅ‚a szczepienie na Covid. Pracownik niÅ¼szego szczebla w klinice okulistycznej. Szybko idÄ… te szczepienia i nie moÅ¼na mÃ³wiÄ‡, Å¼e tylko dla wybranych, dla ludzi z najwiÄ™kszej grupy ryzyka.",0,0
1347528221634535427,2021-01-08 12:58:58+00:00,"geez promotorka mi powiedziaÅ‚a, Å¼e moÅ¼e mogÄ… mi zaÅ‚atwiÄ‡ szczepienie na covid szybciej bez kolejki. patrzcie jaki vip ze mnie",0,0
1347190047565557761,2021-01-07 14:35:11+00:00,"U mojego lekarza rodzinnego nic nie wiedzÄ… na temat zapisÃ³w na szczepienie przeciwko covid, a co dopiero o szczepionkach. Zapisy majÄ… byÄ‡ od 15go. Nic nie jest przygotowane. PiS tylko PR robi na szczepionkach.",1,6
1347188073650655232,2021-01-07 14:27:20+00:00,Prawda jest taka Å¼e gdyby w Polsce za szczepienie na covid-19 dostawaÅ‚o by siÄ™ Å›wieÅ¼aki to do marca wiÄ™kszoÅ›Ä‡ PolakÃ³w byÅ‚aby juÅ¼ zaszczepiona,0,1
1347164078138122245,2021-01-07 12:51:59+00:00,"dostaÅ‚am moÅ¼liwoÅ›Ä‡ wpisania siÄ™ na listÄ™ rezerwowÄ… chÄ™tnych na szczepienie przeciw covid.
powiedziaÅ‚m, Å¼e tak, ale mam wÄ…tpliwoÅ›ci i nie jestem przekonana czy chcÄ™ w 1 turze. no nie wiem",0,1
1347155868312367105,2021-01-07 12:19:22+00:00,"W radio mÃ³wiÄ…, Å¼e szczepienie przeciw covid trzeba bÄ™dzie, prawdopodobnie, powtarzaÄ‡ co roku. Jak w przypadku szczepionki p/w grypie. Czyli sÅ‚abe baterie w czipach, wytrzymujÄ… tylko rok.",0,0
1347126149617496064,2021-01-07 10:21:17+00:00,"Rozmowa z klientem dzisiaj. Jego 75 letni teÅ›Ä‡ zgÅ‚osiÅ‚ siÄ™ do szpitala powiatowego w sprawie terminu szczepienie ""covid"". Przekazano mu datÄ™, kiedy ma siÄ™ na nie stawiÄ‡..... bÄ™dzie to w roku 2022 w lutym.",0,0
1347106633504186369,2021-01-07 09:03:44+00:00,"Wpisany na szczepienie. 
 ğŸ’‰ #Covid_19 ğŸ“–ğŸ–‹ï¸

ğŸ“ğ†ğğ²ğ§ğ¢ğš ğ®ğ¥.ğŸğŸ.ğ¥ğ®ğ­ğğ ğ¨ ğŸğŸ
    (Polmed w Batorym) 

ğŸ—“ï¸ â”",0,12
1346934926277373954,2021-01-06 21:41:25+00:00,"Mam takie pytanie @MZ_GOV_PL @MorawieckiM @AndrzejDuda @KancelariaSejmu czy jeÅ›li przyjmÄ™ szczepienie na covid to ktoÅ› gwarantuje, Å¼e nic mi siÄ™ nie stanie ?",0,0
1346926181015146497,2021-01-06 21:06:40+00:00,"Szczepienie p/COVID-19 celebrytÃ³w poza kolejnoÅ›ciÄ… przypomina mi film""Titanic""robiony na autentycznym wydarzeniu katastrofy morskiej z 1912 roku.ZamoÅ¼ny pan skakaÅ‚ do Å‚odzi ratujÄ…cej Å¼ycia zamiast kobiety i dzieci.Jeszcze tysiÄ…ce pracownikÃ³w sÅ‚uÅ¼by zdrowia czekajÄ… na szczepienie.",0,0
1346869052556398593,2021-01-06 17:19:40+00:00,"rozwaÅ¼am, czy chce mi siÄ™ wymiotowaÄ‡, bo szczepienie na covid, czy jednak to po prostu mÃ³j okres",0,0
1346842344142864385,2021-01-06 15:33:32+00:00,Szczepienie przeciwko covid-19 zarezerwowane ğŸ’‰,0,1
1346824508766887940,2021-01-06 14:22:40+00:00,mam skierowanie na szczepienie na covid!!!,0,3
1346814375127035904,2021-01-06 13:42:24+00:00,w koÅ„cu wystawili mi skierowanie na szczepienie na covid,0,8
1346764616664231937,2021-01-06 10:24:40+00:00,mam skierowanie na szczepienie na covid ğŸ¥°,0,11
1346716873656848385,2021-01-06 07:14:58+00:00,dostaÅ‚am skierowanie na szczepienie na covidğŸ‰,0,0
1346603919057842179,2021-01-05 23:46:07+00:00,"chyba zapiszÄ™ siÄ™ na szczepienie na covid, jak umrÄ™ po tym to nawet na plus mi wyjdzie ğŸ˜Œ",0,0
1346571144221093888,2021-01-05 21:35:53+00:00,Takie pytanie? Czy Å¼ona zamiast dobrowolnego badania na covid nauczycieli klas 1-3 moÅ¼e wybraÄ‡ dobrowlne szczepienie?,0,0
1346562847598387203,2021-01-05 21:02:55+00:00,"Akcja na WUM to promocja zdrowia psychicznego miaÅ‚a byÄ‡, szczepienie na covid to tylko przykrywka #wtylewizji",0,0
1346560347948404737,2021-01-05 20:52:59+00:00,MAMA MA SKIEROWANIE NA SZCZEPIENIE PRZECIWKO COVID-19,0,0
1346529126774091776,2021-01-05 18:48:55+00:00,"Borys Budka powiedziaÅ‚ przed chwilÄ…, Å¼e w akcji szczepieÅ„ chodzi o to ""Å¼eby do wakacji osiÄ…gnÄ…Ä‡ odpornoÅ›Ä‡ populistycznÄ…""...
JeÅ¼eli szczepionka rzeczywiÅ›cie tak dziaÅ‚a, to chyba zgÅ‚oszÄ™ siÄ™ do WUM w celu zaszczepienia...
#Budka #szczepienie #covid #WUM",0,0
1346514676885151744,2021-01-05 17:51:30+00:00,"JuÅ¼ widzÄ™ swoje szczepienie na COVID. 

BÄ™dzie jak wtedy, gdy mÅ‚odzieÅ„cem bÄ™dÄ…c zabraÅ‚em narzeczonÄ… na polskie kabarety (sic!) i specjalnie wydaÅ‚em kupÄ™ siana za miejsce w 4 rzÄ™dzie. 

MyÅ›laÅ‚em, Å¼e bÄ™dziemy pod scenÄ… - wchodzimy na salÄ™, a tam rzÄ™dy 1, 2a, 2, 2a itd.",0,8
1346484583374725121,2021-01-05 15:51:55+00:00,Jestem miÄ™dzy 8 233 568 a 14 781 632 osobÄ… przede mnÄ… w kolejce do szczepienia przeciw COVID-19 w Polsce. Jak przyjmÄ™ 250 000 tygodniowo (@michaldworczyk: tyle zamÃ³wiono na przyszÅ‚y tydzieÅ„) to termin na szczepienie mam w miÄ™dzy 11/04/2022 a 13/04/2023ğŸ˜³ Å›miaÄ‡ czy pÅ‚akaÄ‡ğŸ¤”ğŸ¤·ğŸ»â€â™€ï¸,0,1
1346447098259107841,2021-01-05 13:22:58+00:00,"Grupa 0, jaka grupa 0? Ojciec jest lekarzem po 60tce, dyÅ¼uruje na oddziale COVID-owym kilka razy w tygodniu i nikt nie wzywa go na Å¼adne szczepienie. Rozumiem, Å¼e sam musi siÄ™ upominaÄ‡?",2,18
1346435154684862466,2021-01-05 12:35:31+00:00,"MinÄ™Å‚o 10 dni od startu szczepieÅ„ na COVID-19 w Polsce i idzie tak sasinowo, Å¼e od razu rzÄ…d PiS przesunÄ…Å‚ szczepienie kolejnej grupy o te same 10 dni :). #szczepimysie",0,0
1346426716269535232,2021-01-05 12:01:59+00:00,"Z OSTATNIEJ CHWILI:
Szczepionka na COVID-19. Test na Å¼ywo szczepienie wiceprezydenta Pence'a i narkotykach",0,0
1346417661803196419,2021-01-05 11:26:00+00:00,"DziwnÄ… sprawÄ… jest dla mnie, Å¼e dla sÅ‚uÅ¼by zdrowia szczepienie na Covid nie jest obowiÄ…zkowe. Niezaszczepieni lekarze bÄ™dÄ… zaraÅ¼ali ludzi, ktÃ³rzy zaszczepiÄ‡ siÄ™ nie mogÄ… z powodu rÃ³Å¼nych chorÃ³b, a leczyÄ‡ siÄ™ muszÄ…?",0,5
1346409585255587840,2021-01-05 10:53:54+00:00,"Plan na szczepienie wszystkich w sytuacji braku szczepionki dla wszystkich w najbliÅ¼szym czasie nie jest ok. Czy nie moÅ¼na planowaÄ‡ dokÅ‚adniej i przesunÄ…Ä‡ na pÃ³Åºniej te osoby, ktÃ³re przeszÅ‚y Covid w ciÄ…gu ostatnich kilku (do ustalenia) m-cy? MajÄ… przeciwciaÅ‚a @a_niedzielski",0,0
1346375877958004736,2021-01-05 08:39:58+00:00,"CaÅ‚a akcja aktorÃ³w byÅ‚a naganna ale niech ten pierwszy rzuci kamieniem kto nie obchodziÅ‚ w swoim Å¼yciu jakieÅ› kolejki. PrzechorowaÅ‚em ciÄ™Å¼ko covid i przyznam siÄ™, Å¼e gdyby ktoÅ› zaproponowaÅ‚ mi juÅ¼ dzisiaj szczepienie to skorzystaÅ‚bym. Tak byÅ‚oby z wiÄ™kszoÅ›ciÄ… krytykujÄ…cych.",0,3
1346374997456134144,2021-01-05 08:36:28+00:00,".@a_niedzielski chcemy zweryfikowaÄ‡, czy personel medyczny bÄ™dÄ…cy w tych dniach w placÃ³wkach WUM miaÅ‚ zaproponowane szczepienie przeciwko COVID-19",0,0
1346365435462242306,2021-01-05 07:58:28+00:00,"Dr @KPujdak w #PoranekWNET: To nie sÄ… pacjenci tak naprawdÄ™, to sÄ… zdrowi ludzie ktÃ³rym nic nie brakuje. U zdrowych ludzi, ktÃ³rzy majÄ… szanse na Å›mierÄ‡ przez COVID na poziomie uÅ‚amka procenta, nie jestem pewien, czy szczepienie jest takim dobrym pomysÅ‚em.
@RadioWNET",1,3
1346213582007103489,2021-01-04 21:55:04+00:00,Osoby chÄ™tne na szczepienie przeciw covid_19 proszone sÄ… o podejÅ›cie na portiernie i odebranie zaproszenia.,0,1
1346174943902502917,2021-01-04 19:21:32+00:00,"Co ma zaÅ‚atwiÄ‡ pilne szczepienie rodzicÃ³w wczeÅ›niakÃ³w? Ta kuracja,dla zmyÅ‚ki zwana szczepionkÄ…,powoduje,Å¼e moÅ¼na do bÃ³lu rozsiewaÄ‡ wirusy,a chroni ewentualnie przed zachorowaniem na covid-czyni z zaszczepionych - bezobjawowcÃ³w. Przynajmniej teoretycznie, bo w praktyce, to rÃ³Å¼nie.",0,0
1346172521645748227,2021-01-04 19:11:54+00:00,"ByÅ‚am na zakupach, odebraÅ‚am zamÃ³wienie z Rossmanna, kupiÅ‚am cotton ballsy, Å›wieczki lawendowe i  nowa roÅ›linkÄ™, ktÃ³rÄ… swojÄ… droga juÅ¼ nie mieÅ›ci sie na parapecie i za chwile muszÄ™ wysÅ‚aÄ‡ oÅ›wiadczenie na szczepienie na covid i wolne ğŸ˜",0,2
1346172240065425410,2021-01-04 19:10:47+00:00,"Szczepionki na covid doprowadzajÄ… mnie do mdÅ‚oÅ›ci i jakiÅ› halucynacje bo ciÄ…gle o nich sÅ‚yszÄ™, a jeszcze nawet siÄ™ na szczepienie nie zapisaÅ‚em.",0,0
1346154772978667520,2021-01-04 18:01:22+00:00,kiedy bÄ™dzie moÅ¼na siÄ™ zapisaÄ‡ na szczepienie przeciw covid? mam na myÅ›li osoby typu mÅ‚ode czyli my .,0,48
1346151575639781376,2021-01-04 17:48:40+00:00,"Szczepienie bez kolejki jest nie fair. JednakÅ¼e... Mam proÅ›bÄ™ do znajomych i nieznajomych Lekarzy, aby przestali histeryzowaÄ‡, Å¼e umrÄ… na CoVID, bo im Janda zabraÅ‚a szczepionkÄ™. WejÅ›cie do Lekarza bez kolejki nie dzieje siÄ™ bez wiedzy i zgody Lekarza. Zacznijcie od zmiany tego.",0,0
1346149927240544263,2021-01-04 17:42:07+00:00,"Po przechorowaniu COVID-19 POWINNIÅšMY siÄ™ zaszczepiÄ‡.

MINIMALNY czas od zakoÅ„czenia izolacji do szczepienia, to 30 dni. MAKSYMALNY bezpieczny czas od zakoÅ„czenia izolacji do szczepienia, to 90 dni - do tylu dni moÅ¼emy odroczyÄ‡ szczepienie przeciw COVID-19.",6,33
1346127088609320963,2021-01-04 16:11:22+00:00,W ÅšRODÄ˜ JADÄ˜ NA SZCZEPIENIE NA COVID,0,57
1346082364510896128,2021-01-04 13:13:39+00:00,"Szczepienie na COVID trzeba powtÃ³rzyÄ‡ w ciÄ…gu 3 tygodni, inaczej jest bezwartoÅ›ciowe.
Dotyczy to teÅ¼ tych, ktÃ³rzy zaszczepili siÄ™ bez kolejki.
UkrzyÅ¼ujÄ… ich. 

Kryzys rodzi kryzys. 
Nazywamy to ""pÄ…czkowaniem"".",1,12
1346076680956370947,2021-01-04 12:51:04+00:00,zapisaÅ‚am siÄ™ szczepienie przeciwko covid,0,10
1346044344420233218,2021-01-04 10:42:34+00:00,"czytaÅ‚am sobie jakieÅ› artykuÅ‚y zagraniczne etc dotyczÄ…ce koncertÃ³w w 2021 i duÅ¼o pisze o tym, ze szczepienie na covid rzeczywiÅ›cie moÅ¼e byÄ‡ wymogiem wejÅ›cia",0,96
1346014240830869505,2021-01-04 08:42:57+00:00,W Wielkiej Brytanii rozpoczÄ™Å‚o siÄ™ szczepienie z uÅ¼yciem szczepionki przeciw Covid-19 opracowanej przez Uniwersytet Oksfordzki i firmÄ™ AstraZeneca #PILNE,0,0
1346010827602722816,2021-01-04 08:29:23+00:00,"W Wielkiej Brytanii rozpoczÄ™Å‚o siÄ™ szczepienie z uÅ¼yciem szczepionki przeciw Covid-19 opracowanej przez Uniwersytet Oksfordzki i firmÄ™ AstraZeneca. Pierwszym pacjentem, ktÃ³ry otrzymaÅ‚ ten preparat, byÅ‚ 82-letni Brian Pinker z Oksfordu.",1,19
1345861202568769537,2021-01-03 22:34:50+00:00,"W Polsce  obecnie trwa powszechna i skuteczna akcja promujÄ…ca szczepienie przeciw Covid 19. ZaangaÅ¼owane sÄ… w niÄ… wszystkie media i portale spoÅ‚ecznoÅ›ciowe. Liczba chÄ™tnych na szczepienie gwaÅ‚townie roÅ›nie, jeszcze chwilÄ™ a bÄ™dziemy mieÄ‡ "" czarny rynek"" szczepionkowy",0,0
1345838149046558721,2021-01-03 21:03:13+00:00,"#strefastarcia Gdy trwaÅ‚y szczepienia lekarzy i pracownikÃ³w przeciwko COVID-19, przyszÅ‚a jedna gwiazda. Aby mogÅ‚a byÄ‡ zaszczepiona, stojÄ…cy w kolejce lekarz musiaÅ‚ zrezygnowaÄ‡ z zabiegu. Czeka on na szczepienie w przyszÅ‚ym tygodniuâ€",0,0
1345836188817616904,2021-01-03 20:55:26+00:00,"#strefastarcia Gdy trwaÅ‚y szczepienia lekarzy i pracownikÃ³w przeciwko COVID-19, przyszÅ‚a jedna gwiazda. Aby mogÅ‚a byÄ‡ zaszczepiona, stojÄ…cy w kolejce lekarz musiaÅ‚ zrezygnowaÄ‡ z zabiegu. Czeka on na szczepienie w przyszÅ‚ym tygodniuâ€ podaje Wirtualna Polska.",0,0
1345825657327116291,2021-01-03 20:13:35+00:00,Wzywam resort do codziennej publikacji z zakaÅ¼eniami COVID - danych dot. liczb zaszczepionych z podziaÅ‚em na wojewÃ³dztwa. PeÅ‚ne dane do poziomu powiatu (I i II szczepienie). PeÅ‚na kontrola procesu. Obejmiemy monitoringiem DPS-y i ZOL-e. Priorytetowe grupy z duÅ¼ym ryzykiem ognisk.,140,948
1345809418496176129,2021-01-03 19:09:03+00:00,"jeÅ›li jakiÅ› student jest zbulwersowany tym, Å¼e moÅ¼e nie zostaÄ‡ wpuszczony na zajÄ™cia/praktyki w szpitalu bez szczepienia na covid, a szczepienie jest przecieÅ¼ dobrowolne, to przypominam, Å¼e bez szczepienia na wzw b teÅ¼ nie moÅ¼na mieÄ‡ praktyk w szpitalu.",2,7
1345809387441561600,2021-01-03 19:08:56+00:00,"""Kuriozalna scena rozegraÅ‚a siÄ™ na korytarzu WUM. Gdy trwaÅ‚y szczepienia lekarzy i pracownikÃ³w przeciwko COVID-19, przyszÅ‚a jedna gwiazda. Aby mogÅ‚a byÄ‡ zaszczepiona, stojÄ…cy w kolejce lekarz musiaÅ‚ zrezygnowaÄ‡ z zabiegu. Czeka on na szczepienie w przyszÅ‚ym tygodniu."" 

Janda?",107,280
1345784764431740929,2021-01-03 17:31:05+00:00,zapisaÅ‚am siÄ™ na szczepienie na covid,0,8
1345760949421092864,2021-01-03 15:56:28+00:00,"To jest kurwa zwykÅ‚a jebana prowokacja !! Zmanipulowali w niÄ… znanych i cenionych aktorÃ³w , jak moÅ¼na mieÄ‡ pretensje do ludzi ktÃ³rzy chcieli tym czynem pokazaÄ‡ jak waÅ¼ne jest szczepienie . Ci ktÃ³rzy tego nie pojmujÄ… muszÄ… szczepiÄ‡ siÄ™ na gÅ‚owÄ™ bo na COVID za pÃ³Åºno !",0,1
1345711789087092737,2021-01-03 12:41:07+00:00,szczepienie na covid nie jest obowiÄ…zkowe ale.. jeÅ›li chcesz coÅ› robiÄ‡ musisz byÄ‡ zaszczepiony ğŸ¤¦â€â™€ï¸ğŸ¤¦â€â™€ï¸ğŸ¤¦â€â™€ï¸ jeÅ›li siÄ™ zaszczepisz i bÄ™dÄ… powikÅ‚ania My nie bierzemy za to odpowiedzialnoÅ›ci ğŸ¤¦â€â™€ï¸ğŸ¤¦â€â™€ï¸ğŸ¤¦â€â™€ï¸ğŸ¤¦â€â™€ï¸,0,0
1345685505984364544,2021-01-03 10:56:40+00:00,Å›niÅ‚o mi siÄ™ dzisiaj Å¼e braÅ‚am udziaÅ‚ w teleturnieju w ktÃ³rym gÅ‚Ã³wnÄ… nagrodÄ… byÅ‚o szczepienie na covid,0,33
1345682720387723265,2021-01-03 10:45:36+00:00,"I pomyÅ›leÄ‡, Å¼e celebryci mieli popularyzowaÄ‡ szczepienie na COVID, jak niegdyÅ› uczyniÅ‚ to Elvis. Jak zwykle pod rzÄ…dami PiS wszystko na opak.",0,0
1345663731737501699,2021-01-03 09:30:09+00:00,Dzisiejszy marketing szczepionki jest jak  Apple i ich produkty niby spoko ale jak siÄ™ zaglebisz to gÃ³wno bo jak chcesz wrzuciÄ‡ MP3 to potrzebujesz specjalnego oprogramowania czyli jak bÄ™dzie Covid 20 to ruszy machina na kolejne szczepienie,0,0
1345659590197829634,2021-01-03 09:13:42+00:00,"Pani M. Seweryn zapytana czy szczepiÅ‚a siÄ™ na Covid, odpowiedziaÅ‚a, nie, z informacji, Å¼e na poczÄ…tku tygodnia byÅ‚o szczepienie, aha, czyli to poszÅ‚o. #Woronicza17",0,2
1345518327733612545,2021-01-02 23:52:22+00:00,"OÅ›wiadczam Å¼e jak mnie wezwÄ… na szczepienie anty covid to zjawiÄ™ siÄ™ w ciÄ…gu godziny.
Byle byÅ‚a chÅ‚odna!",0,2
1345490779683356673,2021-01-02 22:02:54+00:00,"kiedyÅ› byÅ‚o ''Celebrity Splash'' na Polsacie, to moÅ¼e teraz ''Celebrity Szczepienie siÄ™ na COVID''?

Bo jak widzÄ™, niektÃ³re osoby juÅ¼ zaczÄ™Å‚y przygotowania.",0,2
1345489764435288066,2021-01-02 21:58:52+00:00,"Ostatnio Å›niÅ‚o mi siÄ™, Å¼e przeszedÅ‚em szczepienie przeciw SARS-CoV2/COVID-19 w szpitalu na SzaserÃ³w. CaÅ‚e szczÄ™Å›cie, Å¼e to byÅ‚ tylko sen. Mam nadziejÄ™ ;)",0,3
1345402799513808899,2021-01-02 16:13:18+00:00,"Dot. szczepienia mRNA przeciw COVID-19 Pfizer.

1.Jaka grupa wiekowa jest dopuszczona do szczepienia?

Na obecnym etapie, szczepienie przeciw COVID-19 firmy Pfizer przeznaczone jest dla osÃ³b, ktÃ³re osiÄ…gnÄ™Å‚y 16 rok Å¼ycia. TrwajÄ… badania w grupach mÅ‚odszych (obecnie 12 â€“ 16 lat).",0,6
1345335062989074432,2021-01-02 11:44:08+00:00,"SzczepiliÅ›my siÄ™ na gruÅºlicÄ™, odrÄ™, rÃ³Å¼yczkÄ™ i te szczepionki dziaÅ‚aÅ‚y.  Tymczasem WHO podaje, Å¼e nie ma dowodÃ³w na to, aby szczepionka na Covid zmniejszaÅ‚a transmisjÄ™ wirusa, a nawet samo szczepienie nie daje pewnoÅ›ci, Å¼e nie zachorujemy. KtoÅ› mi powie o co chodzi?ğŸ¤”ğŸ¤”ğŸ¤”",0,0
1345319935778676736,2021-01-02 10:44:02+00:00,"Dzwoni przed chwilÄ… sÄ…siad. "" nie bÄ™dÄ™ szczepiÄ‡ siÄ™ i moja rodzina rÃ³wnieÅ¼. ZrobiÅ‚em test na przeciw ciaÅ‚a i wyszlo, Å¼e miaÅ‚em covid-19 . Ta choroba to zwykle przeziebienie"". PodziÄ™kowaniem mu, bo szybciej zaÅ‚apie siÄ™ na szczepienie.",2,29
1345297196594429952,2021-01-02 09:13:40+00:00,MÃ³j mÄ…Å¼ zapisaÅ‚ siÄ™ juÅ¼ wczoraj na szczepienie na covid... on boi siÄ™ igieÅ‚ i chce siÄ™ zaszczepiÄ‡. To jest aÅ¼ niemoÅ¼liwe XD,0,3
1345280294472060929,2021-01-02 08:06:30+00:00,"Od 30 tego miaÅ‚y byÄ‡ u Å¼ony szczepienia personelu medycznego i pomocniczego przeciwko covid.

Ale  pojawiÅ‚ siÄ™ ""nowy odÅ‚am""ğŸ¤¦â€â™‚ï¸tzw pacjentÃ³w zero. 
I brakÅ‚o szczepionek nie dojechaÅ‚y.Szczepienie dopiero od poniedziaÅ‚ku.

Wiadomo. Gdzie Å‚apy PiS, tam zawsze afera ğŸ¤¦â€â™‚ï¸ğŸ˜‚
#***** ***",16,91
1345068928763105280,2021-01-01 18:06:37+00:00,"Przez szczepienie przeciw COVID-19 Premier Miller i Krystyna Janda dali ogromnego paliwa maszynie pisowskiej propagandy, wymierzonej w ""elity"".
Czasem trzeba pomyÅ›leÄ‡ dwa razy, nawet jeÅ›li oferta wyszÅ‚a niebezpoÅ›rednio od PiS-u/MZ, to tylko po to, by opozycjÄ™ skÅ‚Ã³ciÄ‡.",0,10
1344701449385738240,2020-12-31 17:46:23+00:00,"ğŸ”´ Dla Pani dr Jandy i Pana dr Millera najlepsze Å¼yczenia noworoczne przesyÅ‚a moja 76-letnia mama, ktÃ³ra na razie nie moÅ¼e nawet zapisaÄ‡ siÄ™ na szczepienie #covid",4,31
1344687766764924928,2020-12-31 16:52:01+00:00,"Kto chÄ™tny na szczepienie przeciw covid, nie zaszczepiÅ‚by siÄ™ poza kolejkÄ…, majÄ…c ku temu okazjÄ™? Z ciekawoÅ›ci pytam.",0,0
1344684327527985154,2020-12-31 16:38:21+00:00,"Minister zdrowia Adam Niedzielski zleciÅ‚ pilnÄ… kontrolÄ™, czy szczepienie przeciw COVID-19 osÃ³b spoza grupy ""0â€ odbyÅ‚o siÄ™ zgodnie z zasadami Narodowego Programu SzczepieÅ„. O szczepieniu w mediach spoÅ‚ecznoÅ›ciowych poinformowali miÄ™dzy innymi Leszek Miller i Krystyna Janda #PILNE",0,0
1344643579600371712,2020-12-31 13:56:26+00:00,"JeÅ¼eli wasz rodzic pracuje w szpitalu na wyÅ¼szym stanowisku i zabraÅ‚ was, rodzinÄ™ zwykle osoby, na szczepienie na covid to jest zwykÅ‚ym chujem bo potem takie osoby jak moja mama, ktÃ³ra jest zwykÅ‚Ä… pielÄ™gniarkÄ… bez prawa gÅ‚osu nie dostaje szczepionki bo dla niej zabrakÅ‚o",0,0
1344635456345014273,2020-12-31 13:24:09+00:00,"M dostaÅ‚ wÅ‚aÅ›nie skierowanie na szczepienie na covid i siÄ™ Å›mieje, Å¼e on to by chciaÅ‚ taka z chipem z xiaomi",0,2
1344622650275069959,2020-12-31 12:33:16+00:00,moja mama bedzie miala w nastepnym tygodniu szczepienie na covid,0,34
1344606506692603904,2020-12-31 11:29:07+00:00,DostaÅ‚am skierowanie na szczepienie na COVID :D,0,13
1344589997580673024,2020-12-31 10:23:31+00:00,"Åoookej, mam wystawione skierowanie na szczepienie na covid. Teraz tylko czekaÄ‡ kiedy siÄ™ odezwÄ….",0,1
1344574787142746112,2020-12-31 09:23:04+00:00,omg mam juÅ¼ wystawione skierowanie na szczepienie covid-19ğŸ˜¼,0,21
1344561492407017474,2020-12-31 08:30:15+00:00,dostaÅ‚am skierowanie na szczepienie przeciwko covid-19 ğŸ˜ƒğŸ’ª #szczepimysiÄ™,0,0
1344427535019421696,2020-12-30 23:37:57+00:00,"Tata: W wiadomoÅ›ciach odradzali szczepienie siÄ™ (na Covid), jeÅ›li jest siÄ™ na coÅ› uczulonym. Czyli jestem w kropce.
Mama: Ty, Monika, teÅ¼.
Ja, a 28 years old girl: Ja? A ja jestem na coÅ› uczulona?
Mama: OczywiÅ›cie. Na (podaÅ‚a nazwÄ™, ale nie pamiÄ™tam).
Ja: I dowiadujÄ™ siÄ™ teraz?",0,5
1344385063362957312,2020-12-30 20:49:11+00:00,"...jestem nauczycielem akademickim i naleÅ¼Ä™ do grupy 1 na szczepienie na COVID-19, tak? - nie mogÄ™ siÄ™ doczekaÄ‡!",0,2
1344371512736952320,2020-12-30 19:55:20+00:00,"PamiÄ™tajmy o zasadzie DDMW - dystans spoÅ‚eczny, dezynfekcja, prawidÅ‚owe noszenie maseczek ochronnych, wietrzenie pomieszczeÅ„.

Szczepienie przeciw COVID-19 daje odpornoÅ›Ä‡ dopiero po 7 dniach od przyjÄ™cia drugiej dawki preparatu(czyli po min. 28 dniach od rozpoczÄ™cia szczepienia).",2,29
1344335322080030722,2020-12-30 17:31:31+00:00,O! rozwaÅ¼am z kolegÄ… zatrudnienie u niego w gabinecie psychiatrycznym. I jako pracownik sÅ‚uÅ¼by zdrowia uzyskaÄ‡ przepustkÄ™ na szczepienie covid.,0,0
1344213637708308482,2020-12-30 09:28:00+00:00,"Prof. Adam #Antczak w #PR24: szczepienie na #COVID_19 to polisa na Å¼ycie, polisa na bezpieczeÅ„stwo, sposÃ³b by nie baÄ‡ siÄ™ o siebie i bliskich",0,1
1344207411737980930,2020-12-30 09:03:15+00:00,"Tym wszystkim, ktÃ³rym marzy siÄ™ kasa za szczepienie, rzÄ…d powinien twardo odpowiedzieÄ‡: nie szczepisz siÄ™ na covid, przechodzisz na peÅ‚nopÅ‚atnÄ… sÅ‚uÅ¼bÄ™ zdrowia! DoÅ¼ywotnio! A ci kretyni podobno zastanawiajÄ… siÄ™, jak im zapÅ‚aciÄ‡! Å»enada!",0,0
1344188358252236802,2020-12-30 07:47:33+00:00,"MyÅ›lÄ™, Å¼e trzeba jak najszybciej zajÄ…Ä‡ siÄ™ produkcjÄ… szczepionki na gÅ‚upotÄ™. Bo jak jeszcze parÄ™  dni posÅ‚ucham tych gÅ‚upot niby mÄ…drych ludzi, to sama zgÅ‚upiejÄ™ i nie pomoÅ¼e  mi szczepienie na covid. #minela8",0,5
1344187855187419136,2020-12-30 07:45:33+00:00,"Szczepienie na covid jest dobrowolne*

*- nie dotyczy Å¼oÅ‚nierzy WP :P",0,0
1344012820179021826,2020-12-29 20:10:01+00:00,"Jutro idÄ™ na szczepienie na Covid-19 i jestem bardzo szczÄ™Å›liwa, bo zgubienie sieci WiFi bywa strasznie irytujÄ…ce",0,0
1343984601409191937,2020-12-29 18:17:53+00:00,Czy ktoÅ› moÅ¼e siÄ™ orientujÄ™: jeÅ¼eli zacznÄ… siÄ™ juÅ¼ szczepienia na covid to trzeba przyjÄ…Ä‡ szczepienie w swoim oÅ›rodku zdrowia czy moÅ¼na w innym miejscu?,1,0
1343979195198803969,2020-12-29 17:56:24+00:00,"Wiceprezydent-elekt USA Kamala Harris otrzymaÅ‚a pierwszÄ… dawkÄ™ szczepionki Moderna przeciwko Covid-19 na Å¼ywo w telewizji w szpitalu w Waszyngtonie.
 â€Szczepienie jest bezbolesne i przebiega bardzo szybko, jest bezpieczneâ€ - powiedziaÅ‚a Harris po otrzymaniu zastrzyku",1,2
1343978717694013441,2020-12-29 17:54:30+00:00,"Margaret Keenan z UK , pierwszÄ… pacjentkÄ… ktÃ³rej podano drugÄ… dawkÄ™ szczepionki na Covid 
Pierwsze szczepienie zrobiono jej 3 tygodnie temu 8 grudnia 
Pani ma 90 lat",0,4
1343978154575147015,2020-12-29 17:52:16+00:00,"Do szpitala w moim mieÅ›cie dotarÅ‚o dziÅ› caÅ‚e 30 szczepionek przeciwko Covid-19. Szczepienie samego personelu w tym tempie powinno zamknÄ…Ä‡ siÄ™ w jednym miesiacu. DuÅ¼o, maÅ‚o? Åšmiesznie, strasznie?",23,126
1343975860102197250,2020-12-29 17:43:09+00:00,"Jutro po 16 mam szczepienie na Covid. A kto wie jak ciÄ™Å¼ko przeszÅ‚am chorobÄ™, ocierajÄ…c siÄ™ o Å›mierÄ‡- poprze mojÄ… decyzjÄ™. Zjadliwe komentarze darujcie sobie i tak siÄ™ zaszczepiÄ™.",33,1410
1343905005091360770,2020-12-29 13:01:36+00:00,"Jestem pracownikiem sÅ‚uÅ¼by zdrowia ale jestem na zwolnieniu lekarskim po operacji.DziÅ› byÅ‚am siÄ™ zapisaÄ‡ na szczepienie p-w COVID i dowiedziaÅ‚am siÄ™, ze termin zapisywania siÄ™ minÄ…Å‚ wczoraj, co na to pan @MorawieckiM ?",0,0
1343889044883779586,2020-12-29 11:58:11+00:00,Szczepienie na Covid-19 powinno byÄ‡ obowiÄ…zkowe.,0,1
1343878768927109121,2020-12-29 11:17:21+00:00,WÅ‚aÅ›nie zapisaÅ‚em siÄ™ na szczepienie COVID-19ğŸ’ª #szczepimysie,0,12
1343878063013158913,2020-12-29 11:14:32+00:00,"Dobre pytanie MikoÅ‚aja Lizuta w TOK FM: dlaczego szczepienie na COVID nie jest obowiÄ…zkowe, skoro szczepienie na rÃ³Å¼yczkÄ™ czy Å›winkÄ™ jest?",31,269
1343858946780618753,2020-12-29 09:58:35+00:00,"W ostatniej chwili zapisano mnie ma szczepienie #covid dla ochrony zdrowia.  Na wypadek poszczepiennej zmiany pÅ‚ci wybraÅ‚am imiÄ™ Adam. (tak caÅ‚kiem serio,cieszÄ™ siÄ™, Å¼e o 22 wieczorem szefowÄ… sobie przypomniaÅ‚a i zadzwoniÅ‚a).",4,19
1343852798509772800,2020-12-29 09:34:09+00:00,idÄ™ za pÃ³Å‚ h na szczepienie ğŸ¤  gdyby to chociaÅ¼ byÅ‚o na covid ale oczywiÅ›cie nie,0,0
1343813568253321216,2020-12-29 06:58:16+00:00,"Po stwierdzeniu Episkopatu, Å¼e szczepienie na covid-19 to kwestia sumienia jednostki powinno siÄ™ zdelegalizowaÄ‡ kk jako organizacjÄ™ antypaÅ„stwowÄ…, terrorystycznÄ…, przestÄ™pczÄ… i zbrodniczÄ… dziaÅ‚ajÄ…cÄ… w celu doprowadzenia do masowej eksterminacji PolakÃ³w. Amen.",5,29
1343796847064842240,2020-12-29 05:51:49+00:00,"ChciaÅ‚abym, Å¼eby ktoÅ› zrobiÅ‚ sondaÅ¼: szczepienie przeciw covid, a preferencje Å›wiatopoglÄ…dowe i polityczne.",0,0
1343699997905350664,2020-12-28 23:26:58+00:00,"Szczepienie produktem Pfizer przeciwko wirusowi covid-19 rozpocznie siÄ™ na Islandii we wtorek o 9:00. Szczepienia bÄ™dÄ… wykonywane zgodnie z rozporzÄ…dzeniem Ministra Zdrowia. Najpierw zaszczepieni zostanÄ… pracownicy sÅ‚uÅ¼by zdrowia, a nastÄ™pnie pacjenci domÃ³w opieki.",0,0
1343662670415863809,2020-12-28 20:58:39+00:00,zapisaÅ‚am siÄ™ na szczepienie na covid!!,0,21
1343650148581339138,2020-12-28 20:08:53+00:00,"ZapisaÅ‚am siÄ™ na szczepienie przeciw covid i mam nadziejÄ™ dojdzie do skutku w rozsÄ…dnym czasie. Na jesieni zapisywaliÅ›my siÄ™ w pracy na szczepienia przeciw grypie i po miesiÄ…cu czekania dowiedzieliÅ›my siÄ™, Å¼e szczepionek nie ma.",0,0
1343510046852964357,2020-12-28 10:52:11+00:00,"aha, podobno zaÅ‚apiemy siÄ™ na szczepienie na covid dopiero w poÅ‚owie stycznia",0,0
1343508692214444032,2020-12-28 10:46:48+00:00,"Wojciech Andrusiewicz, @MZ_GOV_PL: kaÅ¼da osoba w tym kraju, czy jest ubezpieczona czy nie, moÅ¼e siÄ™ leczyÄ‡ na COVID-19, ale takÅ¼e uzyska bezpÅ‚atne szczepienie.",0,3
1343507002648104961,2020-12-28 10:40:05+00:00,"MyÅ›lÄ™ Å¼e problem z niechÄ™ciÄ… do szczepionek na COVID polega na tym, Å¼e PiS przez ostatnie 5 lat wszystko pierdoliÅ‚ koncertowo, ale suwerena nie ruszaÅ‚. Narodowe szczepienie to jednak level wyÅ¼ej. ğŸ¤£ğŸ¤£ğŸ¤£",3,20
1343480199741140992,2020-12-28 08:53:34+00:00,"ÅšWIÄ˜TA W POLSKIEJ TV:
COVID
SZCZEPIONKA 
COVID 
SZCZEPIONKA
COVID
SZCZEPIONKA I SZCZEPIENIE SIÄ˜ 

JPRDL OD RANA DO WIECZORA PRANIE MÃ“ZGU I PROPAGANDA...
RZYGAM",1,40
1343328273724538880,2020-12-27 22:49:52+00:00,"Kongregacja Nauki Wiary: szczepienie przeciw Covid-19 NIE jest obowiÄ…zkiem moralnym, stÄ…d teÅ¼ musi byÄ‡ dobrowolne.",0,1
1343264889918414850,2020-12-27 18:38:01+00:00,"Dlaczego po 15. sty., kiedy zostanie otwarta moÅ¼liwoÅ›Ä‡ zapisania siÄ™ na szczepienie przeciw COVID, bÄ™dzie moÅ¼na siÄ™ zgÅ‚osiÄ‡ tylko przez infoliniÄ™ 989? @michaldworczyk mÃ³wi wÅ‚aÅ›nie w TVN24, Å¼e infoliniÄ™ bÄ™dzie obsÅ‚ugiwaÄ‡ 2000 osÃ³b. Super, a Internet? ğŸ¤”",0,3
1343261141196288002,2020-12-27 18:23:07+00:00,"Szczepienie na COVID powinno byÄ‡ obowiÄ…zkowe, tak samo jak obowiÄ…zkowe jest szczepienie na odrÄ™, Å›winkÄ™, rÃ³Å¼yczkÄ™, WZW, bÅ‚onicÄ™, tÄ™Å¼ec, krztusiec i inne gÃ³wna. Tutaj jakoÅ› wiÄ™kszoÅ›Ä‡ nie marudzi i od dziecka siÄ™ szczepi.",1,10
1343255284031119360,2020-12-27 17:59:50+00:00,"IÂ mamy zaÂ sobÄ… pierwsze szczepienie przeciwko Covid-19Â wÂ Polsce. Pani Alicja Jakubowska, naczelna pielÄ™gniarka zÂ CSK MSWiA byÅ‚a bardzo dzielna iÂ nie ukrywaÅ‚a, Å¼eÂ toÂ dla niej waÅ¼ne - zyskuje wÂ ten sposÃ³b spokÃ³j iÂ barierÄ™ przed groÅºnymÂ wirusem

PodpisaÅ‚ dr.
MORAWIECKI",0,0
1343241392571736064,2020-12-27 17:04:38+00:00,"DowiedziaÅ‚am siÄ™, Å¼e SANITAS ( kto z Lublina ten wie) nie przyjmuje juÅ¼ zapisÃ³w na szczepienie przeciw covid 19.Ludzi full.  Trzeba szukaÄ‡ punktu szczepieÅ„...ğŸ¤”ğŸ¤”",5,23
1343240489278050310,2020-12-27 17:01:03+00:00,Po 5 tygodniach ciÄ™Å¼kiej walki z COVID-19 wracam jutro do pracy. Niestety ja nie doczekaÅ‚em siÄ™ szczepionki. WiÄ™kszoÅ›Ä‡ z PaÅ„stwa dostanie takÄ… szansÄ™.Nie zmarnujcie jej proszÄ™.Szczepienie p/ko C-19 to nie tylko nasze prawo ale i obowiÄ…zek wobec innych ludzi #szczepmysiÄ™,65,776
1343199896325795841,2020-12-27 14:19:45+00:00,"Szczepienie przeciwko #covid
Jestem w grupie przewidzianej na FazÄ™ 2.
OczywiÅ›cie, Å¼e siÄ™ zaszczepiÄ™.",1,43
1343199544545333248,2020-12-27 14:18:21+00:00,"Na IKP mam skierowanie na 
 szczepienie przeciw COVID-19, chociaÅ¼ nigdzie siÄ™ nie zglaszaÅ‚em. Rozumiem, Å¼e to masowa wysyÅ‚ka do wszystkich. Dziwne to. ChÄ™tnie siÄ™ zaszczepiÄ™, tylko nie bardzo wiem co z tym skierowaniem zrobiÄ‡ i po co ono...",0,7
1343194054666940416,2020-12-27 13:56:32+00:00,"Czytam te relacje ze szpitali-szczepienie COVID-19 i przeraÅ¼a mnie jeden fakt, totalna ignorancja biaÅ‚ego personelu do standardÃ³w ubioru, w ktorym powinni pracowaÄ‡. Jesli wydaje sie PaÅ„stwu, ze fartuch wystarcza to oÅ›wiadczam, ze nie!!!",0,0
1343192280853835776,2020-12-27 13:49:29+00:00,Szczepienie na Covid:,3,3
1343138557536440321,2020-12-27 10:16:01+00:00,"Nauka dzisiaj wygraÅ‚a! Oby tylko ludzie postawili po stronie wygranej, a nie przegranej (covid). 102 lata temu Wielkopolanie rozpoczÄ™li jedyne wygrane polskie powstanie. Dzisiaj zaczÄ™liÅ›my oby zwyciÄ™skie nad epidemiÄ… szczepienie!",1,2
1343126855516303361,2020-12-27 09:29:31+00:00,"ZgniÅ‚a i lewacka UE odnoÅ›nie szczepionek na #Covid_19, jak powiedziaÅ‚a tak zrobiÅ‚a, no i lek dojechaÅ‚ do Polski oraz zaczÄ™Å‚o siÄ™ juÅ¼ szczepienie. A jak szczepionki z Ameryki, ktÃ³re podczas kampanii wyborczej w czerwcu obiecaÅ‚ PADğŸ¤”ğŸ¤”ğŸ¤”",0,0
1343124897787244549,2020-12-27 09:21:44+00:00,"A wiecie , Å¼e jedno niewinne szczepienie na covid ,to jedna niewinna para rÄ™kawiczek idzie w kosmos ? 
I tak caÅ‚y czas..

#Szczepienia",0,5
1343120892105269249,2020-12-27 09:05:49+00:00,"Przedstawiciele opozycji deklarujÄ… szczepienie, ale jako ugrupowanie i tak za COVID i dziaÅ‚ania w pandemii obwiniajÄ… PiS #Woronicza17",0,0
1343117070381305862,2020-12-27 08:50:38+00:00,Jak zapisaÄ‡ siÄ™ na szczepienie na covid?,0,2
1343116175300059136,2020-12-27 08:47:04+00:00,Witam i masakra bo przespaÅ‚em pierwsze szczepienie w Polsce na covid. Czy bÄ™dzie gdzieÅ› retransmisja albo moÅ¼na na jakimÅ› VOD obejrzeÄ‡? ğŸ˜,0,15
1343106565134561281,2020-12-27 08:08:53+00:00,"PragnÄ™ wszystkich uspokoiÄ‡, w chwili obecnej wszyscy obywatele majÄ… na papierze zapewnione bezpÅ‚atne szczepienie na covid, niestety zgodnie przyjÄ™tymi zasadami i liczbÄ… stworzonych na papierze zespoÅ‚Ã³w, pechowcy zostanÄ… zaszczepieni za szeÅ›Ä‡ lat â˜¹ï¸",10,75
1343096882004942849,2020-12-27 07:30:24+00:00,Szczepienia w Polsce na COVID-19 czas zaczÄ…Ä‡. Rodzice/dziadkowie oglÄ…dali szczepienie Elvisa na polio. My oglÄ…damy szczepienie piÄ™legniarki w Warszawie.,0,5
1342948160818307093,2020-12-26 21:39:26+00:00,"WidzÄ™, Å¼e @MZ_GOV_PL bÄ™dzie transmitowaÅ‚o pierwsze szczepienie na Covid-19 w Polsce na Å¼ywo! To juÅ¼ nie jest nawet Orwell do szeÅ›cianu, tylko promowanie szaleÅ„stwa w najczystszej postaci! DiabeÅ‚ zaciera rÄ™ce!",61,479
1342922302372118528,2020-12-26 19:56:41+00:00,Pod choinkÄ™ dostaÅ‚am dostaÅ‚am prezent od Ministerstwa Zdrowia- skierowanie na szczepienie przeciwko COVID-19ğŸ‘ğŸ’‰ğŸ¦ ,0,0
1342894232206499841,2020-12-26 18:05:09+00:00,Nawet 100lecie NiepodlegÅ‚oÅ›ci nie byÅ‚o tak hucznie prezentowane jak szczepienie Covid.,0,5
1342891747882496001,2020-12-26 17:55:17+00:00,"Jutro pierwsze w Polsce szczepienie na covid.
OczywiÅ›cie transmisja w TV itd. itp.
Nie wiem dlaczego, ale odnoszÄ™ gÅ‚upie wraÅ¼enie, jakby to miaÅ‚a byÄ‡ jakaÅ› transmisja, pokazÃ³wka live skazanego ( w tym wypadku skazanej) na krzesÅ‚o elektryczne.

TeÅ¼ tak macie?",6,36
1342867848755081217,2020-12-26 16:20:19+00:00,"Przepraszam, czy osoby ktÃ³re dostaÅ‚y skierowanie na szczepienie COVID-19 to teraz powinny zgÅ‚osiÄ‡ siÄ™ do placÃ³wki, ktÃ³ra wybraÅ‚y?",0,0
1342861740837642240,2020-12-26 15:56:02+00:00,"PrzyszÅ‚y tydzieÅ„ to bÄ™dÄ… emocje. OtÃ³Å¼ powinnam dostaÄ‡ szczepienie na Covid i staÅ‚Ä… umowÄ™, bo prÃ³bna mi siÄ™ koÅ„czy z koÅ„cem miesiÄ…ca. NaleÅ¼y mi siÄ™ jak psu miska!

Modlitwa, medytacja, manifestacja ğŸ™ğŸ¼",0,4
1342833025202184197,2020-12-26 14:01:56+00:00,"Tak sobie myÅ›lÄ™, Å¼e w Polsce bardziej przydatne byÅ‚oby szczepienie na wÅ›ciekliznÄ™ niÅ¼ na COVID...

WiÄ™cej poÅ¼ytku by z tego byÅ‚o",0,4
1342809340839866368,2020-12-26 12:27:49+00:00,"JeÅ¼eli przechorowanie covid 19 daje przeciwciaÅ‚a na pÃ³Å‚ roku i wtedy nie trzeba siÄ™ szczepiÄ‡, to podobnie bÄ™dzie z zaszczepionymi. PÃ³Å‚ roku odpornoÅ›ci i kolejne szczepienie.
Pierwsza dawka szczepionki gratis, kolejne bÄ™dÄ… kosztowaÄ‡ duÅ¼e pieniÄ…dze.
ğŸ”®
#koronawiruspolska 
#COVID19",0,0
1342738013055569920,2020-12-26 07:44:23+00:00,"Nie rozumiem tych naciskÃ³w na szczepienie siÄ™ przeciwko Covid... Po pierwsze- szybciej zaszczepiÄ… siÄ™ ci, co sÄ… zdecydowani Å¼e chcÄ…. Po drugie- ci co siÄ™ nie zaszczepiÄ… ewentualnie zachorujÄ… ale nikt poza nimi nie bÄ™dzie musiaÅ‚ siÄ™ czuÄ‡ za to odpowiedzialnym...",5,49
1342494023123132416,2020-12-25 15:34:52+00:00,"â€WaÅ¼nÄ… rzeczÄ… jest dostrzeÅ¼enie faktu, Å¼eÂ umieralnoÅ›Ä‡ naÂ COVID-19 uÂ ludzi poniÅ¼ej 50 r. Å¼ycia jest bardzo niska iÂ Å¼e zÂ zasady nieÂ szczepi siÄ™ osÃ³b, ktÃ³re nieÂ sÄ… zagroÅ¼one chorobÄ…. NieÂ maÂ zatem sensu szczepienie ludzi mÅ‚odych, jeÅ›li nieÂ majÄ… chorÃ³b wspÃ³Å‚istniejÄ…cych iÂ sÄ… zdrowi.â€",29,82
1342286541079646214,2020-12-25 01:50:24+00:00,"DziÄ™ki szczepionce na covid mam ponoÄ‡ dostaÄ‡ szczepienie na raka, czyli moÅ¼na popiÄ‡ i pojeÅ›Ä‡ bezkarnie...bÄ™dziemy wiecznie zycğŸ˜",0,0
1341663652349419520,2020-12-23 08:35:16+00:00,"PocieszÄ™ Andrzeja DudÄ™.
TeÅ¼ nie za dobrze siÄ™ czujÄ™ na widok igÅ‚y.
A juÅ¼ widok pobieranej krwi, przyprawia mnie o zawroty gÅ‚owy.
Ale zaraz zaraz.
Czy aby @AndrzejDuda jako covid ozdrowieniec nie oddawaÅ‚ swego czasu osocza?To trwa ze 30 razy dÅ‚uÅ¼ej niÅ¼ szczepienie, a wkÅ‚ucie fest.",0,3
1341634803326734342,2020-12-23 06:40:38+00:00,"Zastanawiacie siÄ™, kiedy w koÅ„cu sympatycy partii rzÄ…dzÄ…cej siÄ™ obudzÄ…? Trudno powiedzieÄ‡, chyba dopiero po Å›mierci? Skoro nawet chcÄ… uczestniczyÄ‡ w eksperymencie medycznym pt: szczepienie na covid
Do lewicy z prawej strony przyÅ‚Ä…cza siÄ™ lewica z lewej Widocznie lewica juÅ¼ tak ma",1,14
1341523928087457795,2020-12-22 23:20:03+00:00,"Szczepienie przeciwko Covid-19 we WÅ‚oszech â€rozpocznie siÄ™ w niedzielÄ™ dla wybranej grupy pracownikÃ³w sÅ‚uÅ¼by zdrowia. NastÄ™pnie wszyscy pracownicy sÅ‚uÅ¼by zdrowia, okoÅ‚o miliona, zostanÄ… zaszczepieni w styczniu.",0,0
1341523899922731012,2020-12-22 23:19:56+00:00,Promujmy szczepienie przeciwko Covid-19 #Iwillgetvaccinated,0,0
1341522448311857155,2020-12-22 23:14:10+00:00,"Szczepionki Q&amp;A - alergicy
odpowiadajÄ…c @k_piesiewicz 

Alergicy mogÄ… siÄ™ zaszczepiÄ‡ przeciwko COVID-19.
KaÅ¼de szczepienie powinno siÄ™ odbyÄ‡ w odpowiednim zabezpieczeniu w punktach szczepieÅ„ (zestawy przeciwwstrzÄ…sowe).
Do rozwaÅ¼enia nieco dÅ‚uÅ¼szy okres obserwacji &gt;15 min 
1/5",55,203
1341500778855448579,2020-12-22 21:48:04+00:00,"jakbyÅ›cie siÄ™ zastanawiali skÄ…d we mnie tyle zÅ‚oÅ›ci - mÃ³j ojciec jest skrajnym antyfoliarzem i uwaÅ¼a Å¼e szczepienie covid powinno byÄ‡ obowiÄ…zkowe i pod przymusem, â€nie moÅ¼na pozwoliÄ‡ Å¼eby gÅ‚upota decydowaÅ‚a o losach spoÅ‚eczeÅ„stwaâ€ takÅ¼e itâ€™s genetics",5,201
1341455683783430145,2020-12-22 18:48:52+00:00,"A. Duda zmieniÅ‚ zdanie w kwestii szczepieÅ„. Twierdzi, Å¼e siÄ™ zaszczepi, wrÄ™cz uwaÅ¼a, Å¼e szczepienie na COVID-19 moÅ¼na traktowaÄ‡ jako ""patriotyczny obowiÄ…zek"". Szkoda, Å¼e nie dodaÅ‚ "" narodowy"". Podobno  tylko krowa nie zmienia poglÄ…dÃ³w...",8,137
1341447227928162311,2020-12-22 18:15:16+00:00,"ğŸ’‰Na mnie to nie robi wraÅ¼enia, ale kilkukrotne pokazywanie przez media (w dwuminutowym materiale) czynnoÅ›ci wkÅ‚ucia nie musi zachÄ™caÄ‡ do zaszczepienia przeciw COVID-19. KaÅ¼dy wie, na czym polega szczepienie i nachalna wizualna dosÅ‚ownoÅ›Ä‡ nie wydaje siÄ™ tu konieczna.ğŸ’‰@FaktyTVN",0,4
1341404474473123844,2020-12-22 15:25:23+00:00,ale mam ochotÄ™ na barszcz czerwony i szczepienie na covid,104,643
1341398425288454144,2020-12-22 15:01:21+00:00,Pierwsza zaszczepiona osoba przeciwko COVID-19 w Polsce wykona szczepienie w @CSK_MSWiA,0,2
1341360343793229826,2020-12-22 12:30:01+00:00,"zapisaÅ‚am siÄ™ na szczepienie na COVID, mam nadzieje Å¼e nie bÄ™dÄ™ Å¼aÅ‚owaÄ‡",0,1
1341358681028497408,2020-12-22 12:23:25+00:00,"Ludzie mÃ³wiÄ…, Å¼e ""twoja wolnoÅ›Ä‡ koÅ„czy siÄ™ tam, gdzie naruszasz czyjÄ…Å› innÄ…"", a potem mÃ³wiÄ…, Å¼e szczepienie na covid powinno byÄ‡ absolutnie przymusowe naruszajÄ…c przy tym wolnoÅ›Ä‡ innych. 
Dziwna sytuacja.",0,0
1341355995696644096,2020-12-22 12:12:45+00:00,"âœ¨jak dziaÅ‚a szczepionka na COVID-19, jak zostaÅ‚a stworzona i dlaczego szczepienie siÄ™ niÄ… jest tak waÅ¼ne A THREADâœ¨:",843,2658
1341341143544508416,2020-12-22 11:13:44+00:00,"#pÃ³Å‚Å¼artempÃ³Å‚serio
Jak zachÄ™ciÄ‡ PolakÃ³w do szczepieÅ„?
WprowadziÄ‡ Gang SzczepieniakÃ³w: za kaÅ¼de szczepienie lekarze powinni dawaÄ‡ inny model maskotki. Np.: za grypÄ™ dostajesz Termometra Tomka, za covid-19 Wirusa Witka a za tÄ™Å¼ec StrzykawkÄ™ Stasia. 

#Polska #Szczepienie #poland",0,0
1341313485733584896,2020-12-22 09:23:50+00:00,"JarKacz: ""KaÅ¼dy czÅ‚owiek dobry poprze 'PiÄ…tkÄ™ dla zwierzÄ…t'"". CÃ³Å¼, widocznie jestem niedobry.

Morawiecki: ""Szczepienie przeciwko COVID jest patriotycznym obowiÄ…zkiem"". CÃ³Å¼, widocznie nie jestem patriotÄ….

Jednego jestem pewien: na @pisorgpl juÅ¼ nigdy nie zagÅ‚osujÄ™.",1,4
1341276271079288833,2020-12-22 06:55:57+00:00,"TVN 24,7:44,rozmowa Piaseckiego goÅ›Ä‡ min. DWORCZYK temat szczepienie,staraÅ‚em siÄ™ sÅ‚uchaÄ‡ uwaÅ¼nie myÅ›laÅ‚em ze dowiem siÄ™ jak''oni''chcÄ… zaszczepiÄ‡ 75 L ktÃ³ry przeszedÅ‚ COVID,czyli mnie i nie wiem,wyglada ze bÄ™dÄ™ siÄ™ musiaÅ‚ wÅ‚Ã³czyÄ‡ i szukaÄ‡ punktu szczepieÅ„ p.Dw-k ja to p********!",0,3
1341133215306801153,2020-12-21 21:27:30+00:00,Jutro zapisujÄ™ siÄ™ na szczepienie przeciw Covid-19,0,0
1341118229255761924,2020-12-21 20:27:57+00:00,all i want for xmas is szczepienie na covid,0,0
1341105134185684995,2020-12-21 19:35:55+00:00,"Moje Å¼ycie w piguÅ‚ce.
DzieÅ„ 1: zapisujÄ™ siÄ™ na szczepienie na covid
DzieÅ„ 2: doniesienia o nowej odmianie Covida. Covid lvl 2",0,1
1341098724693565441,2020-12-21 19:10:27+00:00,"powiem wam szczerze ze pierwszy raz w Å¼yciu siÄ™ cieszÄ™ na szczepienie, po prostu jak juÅ¼ bÄ™dÄ™ mogÅ‚a siÄ™ zaszczepiÄ‡ to polece kurwa w podskokach, jebac covid",0,4
1341003516010242049,2020-12-21 12:52:07+00:00,"Halko!!
ktoÅ› wie gdzie i czy juÅ¼ w ogÃ³le moÅ¼na siÄ™ zapisaÄ‡ na szczepienie na covid?

#tweetme #tweetmekurwa #dziÄ™kujÄ™",0,0
1340968876411150337,2020-12-21 10:34:28+00:00,"Odkryto w UK nowÄ… odmianÄ™ wirusa COVID-19, wiÄ™c nasuwa siÄ™ pytanie, czy szczepionki bazujÄ…ce na innej wersji bÄ™dÄ… skuteczne? JeÅ›li nie, to chyba szczepienie siÄ™ jest maÅ‚oskuteczne, a nawet moÅ¼e zaszkodziÄ‡.",0,2
1340647707971620866,2020-12-20 13:18:16+00:00,"Czy wiecie, Å¼e peÅ‚nÄ… odpornoÅ›Ä‡ na #Covid uzyskacie po okoÅ‚o 1 miesiÄ…cu od pierwszej szczepionki? 
Po 1 szczepieniu, za 3 tygodnie jest 2-gie szczepienie; po 1 tygodniu od 2-go szczepienia moÅ¼na oczekiwaÄ‡ pozytywnych zmian odpornoÅ›ciowych w naszych organizmach.",0,0
1340607515021762561,2020-12-20 10:38:33+00:00,"SpytaÅ‚am lekarza prowadzÄ…cego. Osoby z rakiem tarczycy mogÄ… zaszczepiÄ‡ siÄ™ przeciwko covid. Teraz czekam. Jutro szczepienie przeciw grypie. Tak sobie organizujÄ™ Å›wiÄ™ta. Wyniki, badania i (mam nadziejÄ™) spokÃ³j",0,5
1340449514763804672,2020-12-20 00:10:43+00:00,"OszukaÄ‡ przeznaczenie 21.

Grupa studentÃ³w zgÅ‚asza siÄ™ na dobrowolne szczepienie przeciw Covid. W ostatniej chwili jeden z nich zasypia w poczekalni i Å›ni mu siÄ™ Horban w Å‚Ã³dce na morzu osocza... Wszyscy uciekajÄ… z przychodni...",5,24
1340428137792987136,2020-12-19 22:45:46+00:00,ZÅ‚oÅ¼yÅ‚em formularz o szczepienie przeciw covid-19 ğŸ˜·,0,2
1340366464528879618,2020-12-19 18:40:42+00:00,"ChoÄ‡ sam chciaÅ‚bym zaszczepiÄ‡ siÄ™ na Covid-19 jak najszybciej bo uwaÅ¼am, Å¼e to jedyna droga do wygrania z pandemiÄ…, to zapewne bÄ™dÄ™ w ostatniej grupie (Sic!)ğŸ˜”
Niemniej chciaÅ‚bym poznaÄ‡ Wasze zdanie. Czy zdecydujecie siÄ™ na szczepienie?",0,0
1339998966159716353,2020-12-18 18:20:24+00:00,"Czym siÄ™ rÃ³Å¼ni zaszczepienie kogoÅ› na grypÄ™ od zaszczepienia na Covid? Dlaczego te pierwsze szczepienie da siÄ™ zrobiÄ‡ praktycznie wszÄ™dzie(oczywiÅ›cie jeÅ›li dostÄ™pna jest szczepionka), a te drugie szczepienie to wielkie wyzwanie dla lekarzy, pielÄ™gniarek i przychodni?",0,4
1339953821372604417,2020-12-18 15:21:00+00:00,"#USA:  szczepienie na #Covid_19 wiceprezydenta USA Mike'a Pence'a i jego maÅ‚Å¼onki Karen Pence pokazane na Å¼ywo w telewizji. Jak komentuje Associated Press, miaÅ‚o to upewniÄ‡ AmerykanÃ³w, Å¼e nowa szczepionka jest bezpieczna. Pence nazwaÅ‚ jÄ… ""medycznym cudem"".",1,13
1339932350545866753,2020-12-18 13:55:41+00:00,"ZakÅ‚ad pracy,w ktÃ³rym zatrudnionych jest okoÅ‚o 100 osÃ³b.KaÅ¼dego dnia w kontakcie z osobami z grupy wysokiego ryzyka. ChÄ™tnych na szczepienie...6 osÃ³b. Na grypÄ™ teÅ¼ nie chcieli szczepionek. Zwyczajnie brak sÅ‚Ã³w!PrzeszedÅ‚em szczÄ™Å›liwie COVID ale siÄ™ zaszczepiÄ™.2gi raz moÅ¼e byÄ‡ inny",0,2
1339929862753185792,2020-12-18 13:45:48+00:00,"zapisaÅ‚am siÄ™ na szczepienie przeciw covid-19, ciekawe czy siÄ™ uda ğŸ¤¨",0,0
1339923779993165824,2020-12-18 13:21:38+00:00,"KtoÅ› ma problem, bo pielÄ™gniarce zakrÄ™ciÅ‚o siÄ™ w gÅ‚owie po szczepiÄ…ce na covid, a chyba ta osoba nie wiem, Å¼e ludzie rÃ³Å¼nie przeÅ¼ywajÄ… szczepienie i jak ja byÅ‚am siÄ™ szczepiÄ‡ na tÄ™Å¼ec to pielÄ™gniarka sama mÃ³wiÅ‚a, Å¼ebym usiadÅ‚a sobie na 10minut, bo zdarza siÄ™, Å¼e ludzie mdlejÄ…",0,1
1339923324382679042,2020-12-18 13:19:49+00:00,ZgÅ‚osiÅ‚am siÄ™ na szczepienie przeciwko Covid-19 #szczepiesie,8,177
1339923221949366273,2020-12-18 13:19:25+00:00,"WysÅ‚ali do nas maila ze siÄ™ moÅ¼emy z uczelni zapisywaÄ‡ na szczepienie covid, bo jako studenci kierunkÃ³w medycznych mamy pierwszeÅ„stwo",0,0
1339887816424251392,2020-12-18 10:58:44+00:00,zapisuje siÄ™ na szczepienie na covidğŸ˜¶,0,2
1339882407286202369,2020-12-18 10:37:14+00:00,KoleÅ¼anka zapisaÅ‚a siÄ™ na szczepienie przecie Covid 19 po godzinie od startu. Serwery padÅ‚y ğŸ™ˆ,0,4
1339855853286010880,2020-12-18 08:51:43+00:00,zapisalam sie na szczepienie na covid i w ciagu miesiaca bede chyba miec,0,1
1339725258480357378,2020-12-18 00:12:47+00:00,zgÅ‚osiÅ‚am siÄ™ na szczepienie na covid ğŸ˜¬âœŒğŸ»,0,9
1339630161617022976,2020-12-17 17:54:54+00:00,zapisaÅ‚am siÄ™ na szczepienie przeciwko covid-19 ğŸ‘€,0,0
1339610951675490305,2020-12-17 16:38:34+00:00,Chyba zapisze siÄ™ na szczepienie przeciwko covid,0,0
1339609499427024898,2020-12-17 16:32:48+00:00,"DostaÅ‚am maila, Å¼e mogÄ™ siÄ™ zapisaÄ‡ na szczepienie na covid, tylko mam czas do jutra do 12 na przesÅ‚anie dokumentÃ³w xd",0,1
1339578835730219010,2020-12-17 14:30:57+00:00,"Prezydent Litwy Gitanas NausÄ—da i premier Ingrida Å imonytÄ— omawiali kwestiÄ™ szczepionki na covid-19. NausÄ—da zapowiada, Å¼e na Litwie szczepienie moÅ¼e zaczÄ…Ä‡ siÄ™ juÅ¼ 27 grudnia. Jako pierwsi majÄ… zostaÄ‡ zaszczepieni medycy i seniorzy.",0,3
1339576709159542786,2020-12-17 14:22:30+00:00,ZapisaÅ‚em siÄ™ na szczepienie p/covid. Ja i mÃ³j genom czekamy na tego chipa od Gatesa jak na zbawienie.,0,7
1339550606818750464,2020-12-17 12:38:46+00:00,ZapisaÅ‚am siÄ™ na szczepienie na covid i znÃ³w mam nadziejÄ™ na koniec tego pandemicznego koszmaru ğŸ™ŒğŸ»ğŸ™ğŸ»ğŸ’ªğŸ» #stopCovid,0,2
1339535712740397056,2020-12-17 11:39:35+00:00,hej zapisalam sie na szczepienie na covid wlasnie,0,0
1339528426768769027,2020-12-17 11:10:38+00:00,PrzysÅ‚ali mi wÅ‚aÅ›nie oÅ›wiadczenie czy jako student kierunku medycznego zgadzam siÄ™ na szczepienie przeciwko COVID XD mam daÄ‡ znaÄ‡ do jutra wow,0,0
1339513467997462528,2020-12-17 10:11:12+00:00,"ktoÅ› wie, czy osoby, ktÃ³re przeszÅ‚y juÅ¼ covid teÅ¼ bÄ™dÄ… miaÅ‚y szczepienie, czy nie?",0,0
1339496908260323333,2020-12-17 09:05:24+00:00,"To jest faÅ‚szywe twierdzenie, Å¼e COVID-19 jest nie prawdziwe, nie jest powaÅ¼ne i dlatego szczepienie nie jest konieczne.",0,0
1339251156921577472,2020-12-16 16:48:52+00:00,"Ostatnio na FB jakaÅ› nowa nakÅ‚adka, Å¼eby dla danej osoby nie zamawiaÄ‡ szczepionek. Kolejna Å›wietna rzecz do przesiewania niepotrzebnych osÃ³b z mojego walla. 
ZapisaÅ‚em siÄ™ wczoraj na szczepienie przeciw Covid w etapie 0, bo ufam ludziom ktÃ³rzy na medycynie zjedli zÄ™by. Polecam.",0,9
1339194201687400449,2020-12-16 13:02:33+00:00,"""Osobom, ktÃ³re przeszÅ‚y COVID-19, szczepienie nie zaszkodzi"" - dr Adam Niedzielski, Minister Zdrowia, AD 08.12.2020",0,0
1339131640883318787,2020-12-16 08:53:57+00:00,"Von der Leyen: ZakupiliÅ›my wiÄ™cej dawek szczepionki przeciwko Covid-19 niÅ¼ potrzeba, Å¼eby zapewniÄ‡ szczepienie wszystkim obywatelom Europy; bÄ™dziemy takÅ¼e w stanie zaopatrzyÄ‡ naszych partnerÃ³w. #PAP",5,4
1339126797175230465,2020-12-16 08:34:42+00:00,"Na 64 osoby, 11 osÃ³b wyraziÅ‚o zgodÄ™ szczepienie przeciw COVID 19. Tak Å¼e dziekuje piÄ™knie Panie Prezydencie Duda za pana wypowiedzi n.t. szczepieÅ„, i innym z sekty antyszczepionkowcÃ³w, zrobiliÅ›cie spoÅ‚eczeÅ„stwu i krzywdÄ™ i na zÅ‚oÅ›Ä‡...ale po co ?, dlaczego?..",0,0
1339116803814010887,2020-12-16 07:55:00+00:00,"Czekam na zielone Å›wiatÅ‚o  na szczepienie covidğŸ’‰ dla osÃ³b po przeszczepie nerki i biegnÄ™ pierwszağŸ’š
Medycyna, nauka mnie uratowaÅ‚a i tym razem teÅ¼  w nie wierzÄ™...ğŸ’ªğŸ‘",0,1
1339096104269393920,2020-12-16 06:32:45+00:00,ZapisaÅ‚am siÄ™ na szczepienie przeciwko grypie i dzisiaj idÄ™ siÄ™ przejÅ›Ä‡ do szpitala czy mam moÅ¼liwoÅ›Ä‡ zaszczepienia siÄ™ na covid XD,0,52
1338949610132414466,2020-12-15 20:50:38+00:00,"Mam w planach szczepienie na COVID-19. Ufam lekarzom i naukowcom, a nie foliarzom i koronasceptykom. ğŸ’‰ğŸ¦ ",36,1128
1338893304348467201,2020-12-15 17:06:53+00:00,"PamiÄ™tajcie, jeÅ›li JarosÅ‚aw KaczyÅ„ski siÄ™ jako jeden z pierwszych zaszczepi na koronawirusa, covid-19 to totalni, tÄ™czowa zaraza, zrobi raban, Å¼e to szczepienie jest poza kolejkÄ…, Å¼e to najwiÄ™ksze przestÄ™pstwo w historii Polski, Åšwiata i najwiÄ™ksza afera we WrzechÅ›wiecie...",32,139
1338834379431350275,2020-12-15 13:12:45+00:00,Medziomki: wiecie jak siÄ™ zapisaÄ‡ do szpitala wÄ™zÅ‚owego jako personel medyczny na szczepienie p/covid?,0,4
1338801811264843786,2020-12-15 11:03:20+00:00,"prÃ³bowali mnie zapisaÄ‡ na szczepienie na covid XDDDDDDDDDDD
bitch you wish",0,0
1338783233333399553,2020-12-15 09:49:30+00:00,WpisaÅ‚am siÄ™ u siebie w szpitalu na listÄ™ chÄ™tnych na szczepienie przeciwko Covid 19.,0,21
1338483619002724354,2020-12-14 13:58:57+00:00,"Moja mama pracuje w szpitalu w ksiÄ™gowoÅ›ci, dzisiaj podano informacje Å¼e teÅ¼ ten personel bÄ™dzie szczepiony na covid, bo sÄ… wystawione na kontakt bliÅ¼szy z wirusem - z caÅ‚ego biura tylko moja mama zgÅ‚osiÅ‚a siÄ™ na szczepienie. BÄ™dziemy w tym gÃ³wnie jeszcze z 2 lata siedzieÄ‡",0,2
1338463825939619842,2020-12-14 12:40:18+00:00,ZapisaÅ‚am siÄ™ na szczepienie przeciwko covid.,0,0
1337736860391645191,2020-12-12 12:31:36+00:00,".@a_niedzielski: Tutaj mamy takie podejÅ›cie jak wiÄ™kszoÅ›Ä‡ krajÃ³w europejskich, Å¼e zachÄ™camy wszystkich do szczepieÅ„. ProszÄ™ pamiÄ™taÄ‡, Å¼e szczepienie jest dobrowolne, bÄ™dziemy dawali moÅ¼liwoÅ›Ä‡ skierowania kaÅ¼dego na szczepienie, takÅ¼e osoby ktÃ³re przeszÅ‚y COVID.",3,4
1337498640932364290,2020-12-11 20:45:00+00:00,"Szczepienie na covid w rejonie Reading w hrabstwie Berkshire, czyli na naszej dzielni, zaczyna siÄ™ w przyszÅ‚ym tygodniu!",0,0
1337102497069092867,2020-12-10 18:30:52+00:00,StopieÅ„ zidiocenia narodu czyni caÅ‚kiem prawdopodobnym nie szczepienie siÄ™ przeciwko Covid-19. #Szczepienia,0,0
1337099193647828994,2020-12-10 18:17:44+00:00,"robiÄ… listÄ™ osÃ³b chÄ™tnych na szczepienie covid i nie wiem, bo podobno juÅ¼ w tym lub przyszÅ‚ym miesiÄ…cu byÅ›my dostali.. koÅ‚o lutego/marca bym chciaÅ‚a, ale teraz siÄ™ trochÄ™ bojÄ™ :(",0,0
1336686454379073536,2020-12-09 14:57:39+00:00,"W oczekiwaniu na szczepienie Covid (na grypÄ™ po znajomoÅ›ci ukuÅ‚em siÄ™ przedwczoraj) oglÄ…dam Bonda. Åšwiat to za maÅ‚o. W miejscu wybuchu rury, resztki drzew sÄ… rÃ³wni przypiÅ‚owane. U Borewicza by siÄ™ tak nie zdarzyÅ‚o. Ale wiadomo 07 to nie 007.",0,1
1336645088747937792,2020-12-09 12:13:17+00:00,"Martwi mnie sÅ‚aba znajomoÅ›Ä‡ przekornej duszy Polaka wÅ›rÃ³d politykÃ³w PiS.
To oczywiste, Å¼e Å¼eby zaszczepiÄ‡ wszystkich PolakÃ³w, nie wolno mÃ³wiÄ‡ o przymusie. Trzeba ogÅ‚osiÄ‡:
Szczepienie na Covid-19 tylko dla wybranych!

Kolejki ustawiÄ… siÄ™ same.",0,11
1336590973409914881,2020-12-09 08:38:15+00:00,"Im bliÅ¼ej szczepieÅ„, tym gorÄ™tsza dyskusja, kto za, kto przeciw.
A ja mam pytanie ogÃ³lne: czy ci, ktÃ³rzy majÄ… przeciwciaÅ‚a, przeszli przez Covid, mogÄ… odpuÅ›ciÄ‡ sobie szczepienie? Jak to jest z punktu widzenia medycyny?
A po co rzÄ…d zakotraktowaÅ‚ aÅ¼ 60 mln szczepionek? Dla kogo?ğŸ˜®",0,7
1336384269917302784,2020-12-08 18:56:53+00:00,Podobno celebryci majÄ… promowaÄ‡ szczepienie siÄ™ na Covid. ProponujÄ™ na poczÄ…tek GÃ³rniak ğŸ˜‚,1,10
1336329381715689480,2020-12-08 15:18:47+00:00,Czy jak byÅ‚eÅ› chory na COVID to szczepienie bÄ™dzie wymagane ?,2,6
1336247711708934145,2020-12-08 09:54:15+00:00,Szczepionki na covid sÄ… produkcji amerykaÅ„skiej i niemieckiej. Ale u nas to bÄ™dzie narodowe szczepienie. Czy wszystko musi byÄ‡ u nas narodowe?! Pisiorstwo zohydzi wszystkie wartoÅ›ci.,17,176
1336247249542782976,2020-12-08 09:52:25+00:00,Gdzie moge sb zapisaÄ‡ na szczepienie przeciwko covid????,0,0
1336242660085030914,2020-12-08 09:34:11+00:00,"Szczepienie na COVID to moment zwyciÄ™stwa nauki i wspÃ³lnych, miÄ™dzynarodowych wysiÅ‚kÃ³w, ktÃ³rego w medycynie nie byÅ‚o od czasÃ³w zwalczenia czarnej ospy. Walka trochÄ™ potrwa, ale nauka i medycyna zwyciÄ™Å¼y, wierzÄ™ w to gÅ‚Ä™boko. I dlatego #SzczepieSie",3,15
1335975308860805120,2020-12-07 15:51:49+00:00,Niebawem poznamy plany szczepieÅ„ przeciw covid-19. Pierwszymi osobami zaszczepionymi majÄ… byÄ‡ pracownicy sÅ‚uÅ¼by zdrowia - wszyscy. Szczepienie na siÄ™ zaczÄ…Ä‡ pod koniec stycznia. Czekam na harmonogram szczepieÅ„ i klucz.,0,1
1335928472397475840,2020-12-07 12:45:42+00:00,"Czy uwaÅ¼asz, Å¼e szczepienie na Covid bÄ™dzie dobrowolne?",2,2
1335567029554860033,2020-12-06 12:49:28+00:00,"Lewica chce przymusu szczepieÅ„ przeciwko COVID-19
â€“ Szczepienie przeciwko Covid-19 powinno byÄ‡ w zakresie szczepieÅ„ obowiÄ…zkowych â€“ powiedziaÅ‚a w programie â€Åšniadanie w Polsat Newsâ€ posÅ‚anka Lewicy Anna Maria Å»ukowska.",4,13
1335518146229383169,2020-12-06 09:35:13+00:00,"Dzisiaj mamy deklaracjÄ™, Å¼e krÃ³lowa brytyjska i jej maÅ‚Å¼onek zaszczepiÄ… siÄ™ na Covid.

Podobnych deklaracji oczekuje od najwaÅ¼niejszych osÃ³b w Polsce, celebrytÃ³w.

Trzeba stworzyÄ‡ program zachÄ™t i wrÄ™cz modÄ™ na to szczepienie. 

#COVID19 #szczepionka",25,313
1335182401715236864,2020-12-05 11:21:05+00:00,Szczepienie na Covid-19 dla ochotnikÃ³w.,0,0
1334944266498486272,2020-12-04 19:34:49+00:00,".@MorawieckiM @a_niedzielski Informacja wielokrotnie podana publicznie, Å¼e szczepienie #COVID bÄ™dzie w Polsce dobrowolne i nieodpÅ‚atne automatycznie oznacza takÅ¼e brak (ZAKAZ) jakichkolwiek dziaÅ‚aÅ„ dyskryminacyjnych wobec osÃ³b ktÃ³re nie zostaÅ‚y zaszczepione.",0,0
1334924360424050690,2020-12-04 18:15:43+00:00,"PMM zapowiedziaÅ‚ zakup 45-u mln. szczepionek na COVID-19, minister zdrowia zapowiada, Å¼e polska sÅ‚uÅ¼ba zdrowia miesiÄ™cznie moÅ¼e wyszczepiÄ‡ nawet milion osÃ³b. CoÅ› tu nie gra, niemoÅ¼liwe by na szczepienie trzeba byÅ‚o czekaÄ‡ prawie cztery lata",8,35
1334788312872210432,2020-12-04 09:15:07+00:00,"Czy szczepienie przeciwko covid musi byÄ‡ poprzedzone testem na covid? Nie znam siÄ™, to siÄ™ pytam.",2,49
1334389969725648896,2020-12-03 06:52:15+00:00,"Czy ktoÅ› juÅ¼ prÃ³bowaÅ‚ policzyÄ‡, jak to bÄ™dzie z logistykÄ… szczepieÅ„ ? JeÅ›li ""plan"" rzÄ…du zakÅ‚ada szczepienie 7 mln tych najbardzie potrzebujÄ…cych w ciÄ…gu 2 msc, to daje ca 120T dziennie. Jakim cudem, jeÅ›li pobranie testu na covid jest duÅ¼o Å‚atwiejsze a robimy ich ledwo 30T ?",1,1
1334340738952409089,2020-12-03 03:36:37+00:00,"Podobno trwajÄ… juÅ¼ zapisy na szczepionki przeciw covid-19?
Podobno za niewielkÄ… opÅ‚atÄ…, bÄ™dzie moÅ¼na przyÅ›pieszyÄ‡ szczepienie?

Ps. Czy u nas ..., nic nie moÅ¼e odbyÄ‡ siÄ™ normalnie ..., w cywilizowany sposÃ³b ... :(?",1,2
1334243881697890306,2020-12-02 21:11:45+00:00,Covid- szczepienie,1,0
1334143553874898944,2020-12-02 14:33:05+00:00,"Czy zdecydujesz siÄ™ na szczepienie na COVID, gdy tylko szczepionka bÄ™dzie dostÄ™pna?",2,0
1334124916220817409,2020-12-02 13:19:01+00:00,"Zanim zdecydujÄ™ siÄ™ na szczepienie przeciwko Covid chciaÅ‚bym byÄ‡ przebadany przez kardiologa do ktÃ³rego od 14 m-cy nie mogÄ™ dotrzeÄ‡ bo Covid.Tak migajÄ… siÄ™ specjalistyczne placÃ³wki w moim przypadku - Drawsko Pomorskie ,zachodniopomorskie.Gdzie jest nadzÃ³r?Fikcja a nie ochrona.",0,1
1334115689976766464,2020-12-02 12:42:21+00:00,"Premier:szczepienie w pierwszej kolejnoÅ›ci dla pracownikÃ³w sÅ‚uÅ¼by zdrowia, mieszkaÅ„Ã³w DPS, osoby starsze(60+), sÅ‚uÅ¼by pracujÄ…ce przy COViD (policja,wojsko)",0,1
1334042573808218112,2020-12-02 07:51:49+00:00,"#GoÅ›Ä‡DniaRG dr Jerzy KarpiÅ„ski: KaÅ¼de szczepienie powinno byÄ‡ poprzedzone rozmowÄ… z lekarzem. Najlepiej, jeÅ›li odbÄ™dzie siÄ™ to w tym samym dniu. MyÅ›limy teÅ¼ o tym, by stworzyÄ‡ szpitale rehabilitacyjne dla osÃ³b po COVID-19. Takim miejscem moÅ¼e byÄ‡ szpital MSWiA w Sopocie.",0,1
1333875809875062786,2020-12-01 20:49:09+00:00,"KoleÅ¼anka cieszy siÄ™ na FB, bo wÅ›rÃ³d nielicznych benefitÃ³w jakie zapewnia jej praca w sektorze publicznym, znajduje siÄ™ (!) coroczna szczepionka na grypÄ™, ktÃ³rÄ… wÅ‚aÅ›nie wbiÅ‚a sobie radoÅ›nie w ramiÄ™. JuÅ¼ niedÅ‚ugo w ofertach pracy znajdziemy taki oto bonus: szczepienie na covid.",2,27
1331862520961921024,2020-11-26 07:29:04+00:00,"To zawsze indywidualna decyzja, jeÅ›li chodzi o szczepienie #COVID19 Pan prezydent @AndrzejDuda jest ozdrowieÅ„cem, jest po covidzie, ale bÄ™dziemy zachÄ™caÄ‡ wszystkich z grup ryzyka i innych, by siÄ™ zaszczepili - @MuchaPK czy prezydent #Duda zaszczepi siÄ™ na covid #szczepionka",1,1
1331740166482956288,2020-11-25 23:22:52+00:00,"Z OSTATNIEJ CHWILI:
Szczepienie na COVID. ""Na #poczÄ…tku nie bÄ™dziemy dobrzy, to kiedy?""",0,0
1331646883920547840,2020-11-25 17:12:12+00:00,"ğŸ’¬ prof. Krzysztof Tomasiewicz w #RozmowaRMF: Gdyby to zaleÅ¼aÅ‚o ode mnie, szczepienie na covid byÅ‚oby obowiÄ…zkowe. Ale zdajÄ™ sobie sprawÄ™ z tego, Å¼e bÄ™dzie dobrowolne",2,3
1331385219975409664,2020-11-24 23:52:27+00:00,"Szczepienie przeciwko COVID-19 w Hiszpanii bÄ™dzie dobrowolne i bezpÅ‚atne. Na pierwszym miejscu sÄ… osoby z grup ryzyka, pojawia siÄ™ to w planie szczepieÅ„ przedstawionym we wtorek. Szczepienie moÅ¼na rozpoczÄ…Ä‡, gdy tylko krajowa agencja ds. lekÃ³w zatwierdzi szczepionkÄ™ do uÅ¼ytku.",0,0
1331216313184899077,2020-11-24 12:41:16+00:00,"Gdy szczepionka przeciw COVID-19 stanie siÄ™ powszechnie dostÄ™pna, szczepienie moÅ¼e byÄ‡ wymagane od pasaÅ¼erÃ³w miÄ™dzynarodowych rejsÃ³w â€“ oceniÅ‚ szef linii lotniczych Qantas, Alan Joyce.",0,0
1330287035664494593,2020-11-21 23:08:39+00:00,"No dobraâ€¼ï¸ MÃ³j â€Face revealâ€, jak 21 stycznia 2021, uda siÄ™ komukolwiek zaszczepiÄ‡ na #COVID przyjeÅ¼dÅ¼ajÄ…c na szczepienie polskim elektrycznym samochodem.",0,1
1329804372012883975,2020-11-20 15:10:43+00:00,Edyta  GÃ³rniak wyjedzie z Polski jeÅ¼eli szczepienie na COVID bÄ™dzie obowiÄ…zkowe !! To jest tragedia !! CaÅ‚a Polska pÅ‚acze za EdytÄ…,0,1
1327662561244884995,2020-11-14 17:19:56+00:00,"Prof. WÅ‚odzimierz #Gut w #PR24: jeÅ¼eli speÅ‚ni siÄ™ czarny scenariusz, Å¼e #COVID-19 jest taki jak inne koronawirusy, szczepienie trzeba bÄ™dzie powtarzaÄ‡ mniej wiÄ™cej co 3 lata. #koronawirus #koronawiruspolska",4,3
1327639328005251077,2020-11-14 15:47:36+00:00,"Pis przez ostatnie tygodnie:
1.Likwidacja branÅ¼y futrzarskiej
2.Zamykanie gospodarki
3.Pozwalanie na niszczenie koÅ›cioÅ‚Ã³w 
4. Strzelanie na MN do ludzi
5.Obowiazkowe szczepienie na covid.
6. Finansowanie antykultury. #PisPojednozÅ‚o",2,12
1327521286113939456,2020-11-14 07:58:33+00:00,"ğŸ’¬ Wicepremier @Jaroslaw_Gowin w #GoscZiemcaRMF o tym, czym szczepienie na COVID-19 powinno byÄ‡ obowiÄ…zkowe: Moim zdaniem nie ma sensu nikogo uszczÄ™Å›liwiaÄ‡ na siÅ‚Ä™, ale jak minister zdrowia podejmie takÄ… decyzjÄ™, nie bÄ™dÄ™ kruszyÅ‚ kopii",2,0
1327340172212645899,2020-11-13 19:58:52+00:00,"JeÅ›li chodzi o szczepienie na COVID to wyjÄ…tkowo bliskie jest mi hasÅ‚o czÄ™sto ostatnio uÅ¼ywane na ulicach.
Tyle w temacie.",10,132
1327321632264818688,2020-11-13 18:45:12+00:00,"Wszystko jest juÅ¼ podobno dogadane to powiedzcie, na ktÃ³rÄ… siÄ™ umawiacie na szczepienie przeciw COVID-19? Rano, czy po poÅ‚udniu? Bo ja siÄ™ jakoÅ› nie mogÄ™ zdecydowaÄ‡. A te recepcjonistki z NFZ wciÄ…Å¼ wydzwaniajÄ… i proponujÄ… coraz dogodniejsze terminy.
Jak sobie z tym radzicie?",35,354
1326442783742308352,2020-11-11 08:32:58+00:00,Jaki sens ma szczepienie przeciwko Covid-19 dobrowolnie? I w dodatku odpÅ‚atnie. PoÅ‚owa ludzi siÄ™ nie zaszczepi. MÅ‚odzi nie bÄ™dÄ… chcieli a starych nie bÄ™dzie staÄ‡.,3,13
1325869987094028288,2020-11-09 18:36:53+00:00,Szczepienie na Covid majÄ… byÄ‡ dobrowolne #dtv,0,0
1325848943234867201,2020-11-09 17:13:15+00:00,No Mateusz juÅ¼ przygotowuje NARODOWE SZCZEPIENIE NA COVID NA NARODOWYM STADIONIE âœŒï¸âœŒï¸âœŒï¸âœŒï¸ğŸ’ªğŸ’ªğŸ’ªğŸ’ªğŸ’ªğŸ˜‚ğŸ˜‚ğŸ˜‚,0,0
1325790771379888129,2020-11-09 13:22:06+00:00,"Zastanawiam siÄ™ czy szczepionki na covid bÄ™dÄ… na takiej zasadzie np. Å¼e jak siÄ™ nie zaszczepisz to nie przyjmÄ… ciÄ™ do pracy i do wszystkiego bÄ™dzie trzeba mieÄ‡ dokument potwierdzajÄ…cy szczepienie, co myÅ›licie?",0,7
1325789023575691270,2020-11-09 13:15:09+00:00,"Szczepienie na covid ma byÄ‡ w Niemczech dobrowolne. Minister zdrowia Spahn uwaÅ¼a, Å¼e wystarczy zaszczepiÄ‡ 55-65% populacji, aby zastopowaÄ‡ rozprzestrzenianie siÄ™ wirusa. Koronawirus nie jest tak zaraÅºliwy jak wirus ospy czy odry, kiedy potrzeba zaszczepiÄ‡ 90%",0,2
1320641549647159296,2020-10-26 08:20:56+00:00,No to co nastÄ™pnie? ObowiÄ…zkowe szczepienie na covid?,0,0
1319936902137511936,2020-10-24 09:40:55+00:00,ObowiÄ…zkowe szczepienie Covid ? Czy was pisiory juÅ¼ caÅ‚kiem pojebaÅ‚o ??? Jak siÄ™ nie zgodzÄ™ zaszczepicie mnie siÅ‚a ? PrzyjedÅºcie najlepiej czoÅ‚giem. Jebac PIS,0,11
1314112542474731520,2020-10-08 07:56:59+00:00,"SZCZEPIENIE MOÅ»NA PODAÄ† TYLKO ZDROWEJ OSOBIE, JEÅ»ELI COVID JEST TAKÅ»E  BEZOBJAWOWY, TO JAK LEKARZ BEZ TESTU BÄ˜DZIE WIEDZIAÅ, Å»E PACJENT JEST ZDROWYğŸ¤”",2,15
1310824792111616001,2020-09-29 06:12:39+00:00,"#PolskaNaDzieÅ„Dobry | @SzczurekZelazko: Od wielu lat apelujemy, by skorzystaÄ‡ ze szczepieÅ„ na grypÄ™. W tym roku szczepienie ma duÅ¼e znaczenie, bo nie mamy na razie szczepionki na Covid-19.

#wÅ‚Ä…czprawdÄ™ z #TVRepublika",1,3
1310136578967310338,2020-09-27 08:37:56+00:00,"Urbaniak nie rozumie, Å¼e szczepienie na grypÄ™ nie wytwarza odpornoÅ›ci na covid. OdpornoÅ›ci nie buduje siÄ™ wszczepianiem chemii do organizmu, a wrÄ™cz przeciwnie. #Woronicza17",0,4
1308836995066662913,2020-09-23 18:33:51+00:00,Szczepienie przeciwko gruÅºlicy chroni przed Covid. Mam takÄ… ciekawostkÄ™ czy zmienna ktÃ³ra pominiÄ™to moÅ¼e byÄ‡ zwiÄ…zana z czynnikiem RH krwi ludzkiej. Rh+ antygen NaraÅ¼eni na zakaÅ¼enie Covidem. Rh- Br.antygenu odpornoÅ›Ä‡ na zakaÅ¼enie  virus nie aktywuje siÄ™ w ciele nosiciela.,0,1
1303366019923275776,2020-09-08 16:14:09+00:00,W TVP same cuda. W pierwszej poÅ‚owie roku specjaliÅ›ci mÃ³wili w TVP Å¼e szczepienie na grypÄ™ nie ma Å¼adnego sensu w przypadku koronowirusa. Dzisiaj sÅ‚yszÄ™ w TV Å¼eby szczepiÄ‡ siÄ™ na grypÄ™ bo to pomoÅ¼e uniknÄ…Ä‡ zakaÅ¼enia na covid. ParanojağŸ˜¦,0,0
1301127794672504833,2020-09-02 12:00:14+00:00,"Kto jest autorem pomysÅ‚u (nazwisko),  Å¼e szczepienie p-grypie umoÅ¼liwi rÃ³Å¼nicowanie COVID vs przeziÄ™bienie w POZ ?
ProszÄ™, aby instytucje naukowe i lekarskie zabraÅ‚y w tej sprawie gÅ‚os !

@CMKPWarszawa
 @NaczelnaL
 @NIZP_PZH
 @OILWarszawa
 @a_niedzielski
 @MZ_GOV_PL",87,258
1299289515304144901,2020-08-28 10:15:34+00:00,"ğŸ’¬ GIS MSWiA Marek #Posobkiewicz w #RozmowaRMF: W pierwszej chwili po wyprodukowaniu szczepionki moÅ¼e byÄ‡ nawet â€walkaâ€ miÄ™dzy krajami, Å¼eby szczepienie na COVID-19 zdobyÄ‡",2,0
1293946734738055168,2020-08-13 16:25:16+00:00,"JeÅ¼eli okaÅ¼e siÄ™, Å¼e faktycznie szczepienie przeciwko gruÅºlicy zmniejsza ryzyko zachorowania na COVID-19 i ciÄ™Å¼koÅ›Ä‡ przebiegu tej choroby, to antyszczepionkowcy zapadnÄ… siÄ™ pod ziemiÄ™. ChociaÅ¼ akurat po tej grupie, refleksji bym siÄ™ nie spodziewaÅ‚.",2,85
1292013095636938752,2020-08-08 08:21:41+00:00,"Do teraz wciskano nam,Å¼e niszenie maski nie chroni nas samych tylko innych.Od teraz,Å¼e szczepienie przeciw grypie nie chroni nas tylko innych. Szczepmy siÄ™ bo na jesieni wszyscy przeziÄ™bieni nie zaszczepieni bÄ™dÄ… traktowani jak covid #grypa #COVID19 CudneğŸ˜Š",0,0
1280438515881385984,2020-07-07 09:48:26+00:00,"ObowiÄ…zek szczepieÅ„ to nie jest kwestia poglÄ…dÃ³w, a wiedzy naukowej. KtoÅ› kto tego nie rozumie, bÅ‚Ä…ka myÅ›lami w Å›redniowieczu i naraÅ¼a ludzi na Å›mierÄ‡. 
O tym czy szczepienie na COVID, czy inne choroby powinno byÄ‡ obowiÄ…zkowe powinni decydowaÄ‡ lekarze, a nie jakikolwiek polityk!",80,472
1267896151803641856,2020-06-02 19:09:33+00:00,#takdlaszczepien w aptekach.Czas zaczÄ…Ä‡ sie przygotowywaÄ‡ na masowe szczepienie spoÅ‚eczeÅ„stwa przeciwko Covid.Aptekarze muszÄ… siÄ™ przeszkoliÄ‡ i dostosowaÄ‡ lokale-ci ktÃ³rzy zechcÄ…. @GCessak @ZzpfPl @Milkowski_M @mecenasJTK @SzumowskiLukasz @Kuba_73 @KrzysztofLanda @Marcin__Czech,1,4
1263207703842881537,2020-05-20 20:39:20+00:00,"Donald Trump i jego doradca(mniejsza o nazwisko) wypowiadajÄ… siÄ™ jasno, Å¼e szczepionka na #Covid_19 bÄ™dzie dobrowolna. Nie bÄ™dÄ… nikogo zmuszaÄ‡. Czy ktoÅ› z @prezydentpl  oglÄ…daÅ‚ wczorajszy briefing w BiaÅ‚ym Domu? ProszÄ™ siÄ™ nie zgadzaÄ‡ na przymusowe szczepienie. #koronawirus",0,1
1253087098049101827,2020-04-22 22:23:40+00:00,Mam radÄ™ dla nie-rzÄ…du (Å¼eby znÃ³w nie byÅ‚ zaskoczony!): kiedy bÄ™dzie juÅ¼ blisko masowe szczepienie przeciw covid RADZÄ˜ kupiÄ‡ spory zapas pavulonu dla antyszczepionkowcÃ³w,0,5
1251566346233679875,2020-04-18 17:40:44+00:00,"WymyÅ›lona pandemia, 5G, radioaktywna chmura z Czarnobyla, przymusowe szczepienie na Covid-19. Tym razem Å»ydzi juÅ¼ przesadzili!",0,0
1245621898349670400,2020-04-02 07:59:37+00:00,"PrzeczytaÅ‚am wÅ‚aÅ›nie bardzo ciekawÄ… analizÄ™, z ktÃ³rej wynika, Å¼e kraje, w ktÃ³rych szczepienie BCG jest obowiÄ…zkowe, majÄ… zdecydowanie mniejszÄ… zachorowalnoÅ›Ä‡ i Å›miertelnoÅ›Ä‡ na COVID-19 niÅ¼ kraje, w ktÃ³rych nie byÅ‚o obowiÄ…zkowe nigdy (WÅ‚ochy, USAâ—ï¸).",0,5
1241707711705886727,2020-03-22 12:46:02+00:00,"KwiecieÅ„ 2025. szczepienie na covid weszlo do kalendarza szczepieÅ„ obowiazkowych. W internecie dr Zieba tlumaczy ze jest to niegroÅºna choroba wieku dzieciecego i kazde dziecko powinno nabyc na nia odpornosc, a ofiar nopÃ³w bedzie wiecej niz ewentualnych ofiar smieretelnych.",0,31
1240985107130994690,2020-03-20 12:54:40+00:00,"W tym tygodniu w USA ruszyÅ‚y testy na ludziach, szczepieÅ„ przeciw wirusowi SARS-CoV-2. Szczepienie przeciw Covid-19 wykonano w centrum badaÅ„ Kaiser Permanente Washington Research Institute w mieÅ›cie Seattle.",1,5
1240913718743044098,2020-03-20 08:11:00+00:00,"Gdy w koÅ„cu pojawi siÄ™ szczepionka na #Covid_19 od rzÄ…du dowiemy siÄ™ po kolei:
1.JesteÅ›my gotowi
2 @MorawieckiM wymyÅ›liÅ‚ szczepienie
3 Szczepimy tylko potrzebujach
4 Szczepienie wcale nie jest potrzebne
5 Apelujemy do istniejÄ…cych jeszcze firm, by kupiÅ‚y szczepionki",0,0
